user_id,item_id,rating
5,1,3
8,1,5
9,1,3
13,1,4
14,1,2
17,1,4
18,1,5
23,1,3
26,1,4
29,1,4
35,1,4
37,1,3
42,1,3
51,1,3
67,1,4
5,2,2
9,2,5
11,2,3
12,2,3
13,2,3
14,2,3
15,2,3
17,2,2
20,2,5
21,2,3
23,2,4
25,2,4
27,2,3
31,2,3
35,2,3
36,2,3
37,2,4
39,2,2
42,2,4
44,2,3
46,2,3
47,2,3
48,2,4
49,2,3
50,2,3
51,2,4
52,2,2
59,2,3
60,2,5
62,2,3
68,2,3
5,3,5
9,3,5
14,3,3
31,3,4
37,3,4
39,3,2
47,3,4
52,3,2
60,3,5
61,3,3
65,3,2
5,4,4
6,4,4
7,4,3
9,4,4
10,4,4
11,4,4
12,4,4
14,4,1
16,4,4
21,4,5
25,4,3
27,4,3
29,4,4
30,4,4
33,4,3
34,4,4
36,4,3
42,4,3
44,4,3
47,4,5
51,4,5
54,4,1
55,4,3
57,4,1
61,4,3
62,4,4
5,5,3
9,5,3
14,5,3
18,5,5
47,5,3
5,6,5
10,6,4
11,6,3
12,6,4
14,6,2
16,6,4
17,6,4
21,6,3
24,6,5
28,6,3
29,6,4
33,6,4
35,6,3
37,6,3
38,6,3
39,6,4
42,6,5
44,6,4
45,6,4
47,6,4
49,6,5
57,6,3
59,6,4
62,6,2
67,6,2
5,7,4
6,7,4
8,7,5
10,7,3
11,7,5
12,7,4
13,7,3
14,7,3
15,7,4
16,7,4
17,7,5
18,7,4
19,7,4
20,7,5
21,7,3
22,7,3
23,7,4
24,7,5
25,7,5
26,7,3
27,7,4
29,7,4
30,7,5
31,7,3
32,7,3
35,7,4
36,7,3
37,7,4
39,7,4
41,7,3
42,7,4
43,7,3
47,7,4
48,7,3
49,7,5
50,7,4
52,7,4
55,7,3
56,7,3
61,7,3
62,7,3
63,7,3
65,7,4
68,7,5
5,8,4
6,8,4
8,8,3
9,8,4
10,8,4
11,8,3
12,8,4
14,8,4
15,8,4
17,8,5
18,8,4
19,8,3
21,8,3
22,8,3
23,8,5
24,8,4
25,8,4
26,8,4
27,8,3
28,8,3
29,8,4
30,8,3
31,8,4
32,8,4
33,8,4
34,8,3
35,8,3
36,8,4
37,8,4
41,8,3
42,8,2
43,8,4
44,8,3
45,8,5
46,8,5
47,8,4
50,8,4
52,8,5
55,8,3
62,8,3
63,8,4
65,8,3
5,9,5
6,9,4
7,9,4
8,9,4
9,9,4
10,9,5
11,9,5
12,9,3
13,9,4
14,9,1
15,9,3
16,9,4
17,9,5
18,9,3
19,9,3
20,9,5
21,9,4
22,9,5
23,9,2
24,9,4
25,9,4
26,9,5
27,9,4
28,9,4
29,9,3
30,9,5
31,9,3
35,9,4
36,9,3
37,9,5
38,9,3
40,9,3
41,9,5
42,9,5
43,9,3
44,9,3
46,9,4
47,9,4
48,9,4
50,9,4
51,9,4
52,9,5
53,9,4
55,9,3
56,9,2
57,9,4
58,9,4
59,9,2
60,9,5
61,9,3
62,9,4
63,9,4
65,9,3
68,9,5
5,10,4
9,10,3
14,10,4
18,10,4
24,10,4
42,10,2
47,10,4
5,11,5
6,11,3
8,11,3
9,11,4
10,11,4
11,11,3
12,11,4
13,11,5
14,11,3
15,11,4
17,11,4
18,11,4
22,11,4
24,11,4
25,11,3
26,11,4
29,11,3
31,11,3
36,11,4
37,11,5
42,11,3
46,11,5
47,11,4
49,11,4
52,11,4
55,11,3
57,11,3
59,11,4
61,11,2
62,11,2
63,11,2
67,11,3
68,11,3
5,12,4
9,12,3
14,12,2
26,12,4
33,12,4
42,12,2
47,12,4
57,12,5
61,12,3
5,13,4
9,13,5
14,13,2
33,13,4
42,13,2
47,13,4
57,13,4
5,14,4
9,14,2
14,14,3
23,14,3
24,14,5
42,14,2
47,14,4
57,14,3
5,18,5
6,18,4
7,18,4
8,18,4
9,18,5
10,18,4
11,18,4
12,18,4
14,18,5
15,18,4
16,18,4
17,18,5
18,18,5
20,18,4
21,18,5
22,18,5
23,18,3
24,18,5
26,18,2
27,18,4
28,18,5
29,18,4
30,18,4
31,18,5
35,18,4
36,18,4
37,18,4
39,18,5
42,18,5
43,18,4
44,18,4
46,18,5
47,18,3
49,18,4
50,18,4
52,18,3
54,18,5
57,18,3
58,18,3
60,18,5
61,18,4
62,18,2
63,18,4
65,18,2
68,18,4
5,20,5
8,20,3
9,20,5
11,20,4
14,20,3
16,20,2
18,20,3
25,20,3
26,20,4
36,20,5
37,20,3
39,20,2
40,20,4
42,20,2
47,20,4
48,20,4
50,20,4
57,20,3
5,24,3
9,24,2
14,24,2
24,24,4
31,24,3
37,24,4
42,24,2
47,24,4
56,24,3
57,24,3
5,27,5
7,27,2
8,27,4
10,27,3
11,27,3
13,27,4
14,27,3
15,27,3
16,27,3
17,27,4
19,27,3
21,27,3
24,27,4
25,27,4
26,27,3
29,27,5
35,27,3
36,27,2
37,27,4
39,27,5
42,27,5
46,27,4
47,27,3
57,27,4
59,27,5
60,27,4
61,27,3
62,27,1
5,28,5
9,28,4
10,28,4
14,28,2
20,28,4
23,28,3
24,28,3
26,28,1
28,28,1
30,28,4
37,28,3
42,28,4
46,28,4
47,28,4
57,28,2
59,28,4
5,29,5
6,29,3
8,29,3
9,29,3
13,29,3
14,29,5
15,29,5
16,29,4
17,29,2
21,29,5
23,29,3
24,29,3
25,29,3
27,29,3
29,29,5
30,29,5
31,29,4
35,29,4
36,29,4
37,29,5
39,29,5
42,29,4
43,29,5
44,29,3
45,29,5
46,29,4
47,29,4
48,29,5
49,29,5
50,29,3
52,29,2
55,29,4
56,29,4
57,29,5
58,29,3
60,29,5
61,29,4
62,29,2
63,29,3
65,29,4
67,29,3
68,29,3
5,32,4
9,32,5
14,32,3
25,32,4
43,32,3
47,32,4
57,32,3
5,34,5
9,34,2
14,34,2
18,34,4
21,34,4
22,34,3
35,34,3
47,34,4
57,34,3
5,37,4
8,37,5
14,37,1
36,37,4
42,37,3
47,37,4
56,37,3
57,37,3
58,37,4
5,38,5
8,38,4
9,38,4
11,38,5
14,38,2
15,38,4
16,38,3
17,38,2
18,38,3
19,38,3
23,38,2
24,38,4
28,38,5
29,38,3
30,38,4
32,38,4
35,38,3
36,38,4
37,38,3
39,38,3
42,38,2
47,38,4
49,38,2
52,38,3
53,38,3
56,38,3
57,38,3
5,41,5
6,41,4
7,41,3
8,41,4
9,41,5
10,41,3
11,41,2
12,41,3
13,41,4
14,41,2
15,41,4
16,41,2
17,41,2
18,41,5
19,41,3
20,41,4
21,41,4
22,41,4
23,41,2
24,41,4
25,41,4
26,41,5
27,41,2
28,41,5
29,41,4
30,41,4
31,41,4
35,41,3
36,41,3
37,41,5
39,41,3
40,41,3
41,41,3
42,41,5
43,41,3
44,41,3
46,41,4
47,41,4
48,41,4
49,41,4
50,41,3
51,41,4
52,41,2
55,41,4
56,41,3
57,41,5
59,41,2
60,41,3
61,41,3
62,41,2
63,41,4
68,41,5
5,43,5
8,43,4
9,43,3
11,43,4
14,43,4
15,43,5
16,43,4
17,43,4
18,43,4
23,43,3
30,43,4
35,43,4
36,43,5
37,43,4
39,43,3
45,43,3
47,43,4
51,43,4
52,43,4
55,43,5
56,43,5
57,43,3
58,43,2
62,43,3
63,43,4
65,43,4
67,43,4
5,45,5
9,45,3
12,45,3
14,45,2
15,45,4
18,45,3
22,45,5
23,45,2
24,45,5
26,45,5
29,45,4
35,45,4
39,45,3
42,45,2
44,45,3
47,45,4
56,45,5
57,45,5
65,45,1
67,45,3
5,46,4
6,46,4
7,46,3
8,46,2
9,46,4
11,46,3
12,46,3
13,46,3
14,46,4
15,46,4
16,46,4
17,46,4
18,46,4
19,46,2
20,46,4
21,46,4
22,46,4
23,46,2
24,46,5
25,46,3
26,46,4
27,46,3
28,46,4
29,46,4
30,46,4
31,46,2
32,46,5
36,46,4
37,46,4
38,46,4
39,46,3
40,46,3
41,46,2
42,46,4
43,46,2
44,46,3
45,46,3
46,46,5
47,46,4
48,46,3
49,46,3
50,46,2
51,46,3
52,46,3
55,46,2
56,46,4
57,46,3
58,46,3
59,46,3
60,46,4
61,46,4
62,46,2
63,46,4
5,48,5
6,48,4
7,48,3
8,48,3
9,48,2
10,48,4
11,48,3
12,48,2
13,48,4
14,48,2
15,48,4
16,48,4
17,48,4
18,48,4
19,48,2
21,48,3
22,48,4
23,48,2
24,48,4
25,48,2
26,48,1
27,48,2
29,48,3
30,48,5
31,48,4
35,48,3
36,48,4
37,48,3
40,48,3
41,48,3
42,48,3
44,48,2
46,48,4
47,48,4
49,48,3
52,48,2
55,48,2
56,48,4
57,48,3
58,48,2
59,48,3
60,48,4
62,48,2
63,48,4
5,50,5
6,50,4
8,50,4
9,50,5
10,50,4
11,50,4
13,50,5
14,50,3
15,50,5
16,50,4
17,50,5
18,50,5
20,50,4
21,50,3
22,50,4
23,50,3
24,50,5
26,50,3
27,50,2
29,50,4
30,50,5
31,50,3
32,50,5
35,50,3
36,50,5
37,50,3
39,50,4
42,50,4
43,50,3
45,50,4
46,50,5
47,50,4
48,50,3
50,50,5
51,50,4
53,50,1
54,50,3
55,50,4
56,50,4
57,50,5
59,50,3
61,50,4
62,50,2
65,50,3
68,50,5
36,51,5
5,52,5
8,52,3
12,52,4
14,52,4
15,52,5
17,52,5
18,52,5
19,52,3
23,52,3
24,52,4
25,52,4
26,52,3
30,52,4
35,52,3
36,52,4
37,52,5
42,52,5
43,52,4
47,52,4
52,52,4
56,52,4
57,52,4
61,52,3
65,52,3
22,54,4
5,55,5
6,55,4
7,55,3
9,55,1
11,55,4
13,55,3
14,55,2
15,55,3
16,55,2
17,55,5
18,55,2
22,55,5
24,55,4
31,55,2
35,55,4
36,55,4
37,55,4
39,55,4
42,55,2
43,55,1
47,55,4
51,55,4
52,55,4
56,55,3
57,55,2
60,55,3
62,55,2
5,57,5
6,57,4
7,57,4
8,57,5
9,57,3
11,57,2
13,57,5
14,57,3
15,57,5
16,57,4
18,57,5
19,57,3
20,57,4
23,57,2
24,57,4
26,57,4
29,57,4
30,57,4
31,57,3
33,57,3
36,57,4
37,57,3
39,57,5
42,57,2
44,57,3
46,57,4
47,57,4
49,57,4
52,57,4
55,57,4
56,57,4
57,57,3
60,57,5
61,57,2
62,57,2
67,57,4
68,57,2
5,62,5
9,62,1
14,62,2
15,62,3
18,62,5
23,62,2
24,62,4
26,62,5
30,62,4
35,62,4
36,62,4
37,62,2
39,62,3
42,62,2
47,62,4
56,62,4
57,62,4
62,62,1
5,64,5
6,64,4
8,64,3
9,64,2
10,64,4
11,64,3
13,64,4
14,64,4
15,64,4
16,64,4
17,64,5
18,64,3
19,64,4
20,64,4
21,64,3
22,64,3
23,64,3
24,64,5
26,64,5
27,64,2
30,64,4
32,64,2
33,64,4
35,64,3
36,64,5
37,64,4
38,64,2
42,64,4
48,64,4
51,64,4
57,64,5
60,64,4
61,64,3
62,64,3
67,64,5
5,65,5
6,65,4
7,65,5
8,65,5
9,65,4
10,65,3
11,65,3
13,65,4
14,65,3
15,65,4
16,65,4
17,65,5
18,65,5
19,65,3
22,65,4
23,65,3
24,65,4
26,65,4
27,65,2
30,65,3
31,65,3
35,65,4
36,65,4
37,65,2
39,65,2
42,65,5
43,65,3
47,65,4
52,65,4
55,65,3
56,65,4
57,65,5
58,65,3
60,65,5
62,65,3
63,65,3
68,65,4
5,68,5
6,68,4
9,68,5
14,68,3
17,68,5
18,68,4
23,68,2
24,68,4
25,68,3
30,68,2
31,68,4
36,68,3
38,68,3
42,68,5
47,68,4
57,68,5
62,68,2
67,68,2
5,69,5
8,69,3
9,69,3
10,69,5
11,69,3
12,69,4
14,69,2
15,69,4
17,69,5
18,69,4
19,69,4
20,69,4
21,69,3
23,69,2
24,69,4
25,69,4
26,69,5
27,69,4
29,69,5
30,69,2
31,69,3
35,69,3
37,69,4
41,69,3
42,69,2
43,69,5
44,69,4
45,69,4
46,69,4
47,69,4
48,69,4
49,69,4
52,69,3
55,69,3
56,69,3
57,69,5
60,69,4
61,69,3
62,69,3
63,69,3
65,69,3
67,69,2
5,72,5
9,72,5
11,72,4
14,72,4
15,72,5
17,72,5
24,72,4
26,72,3
42,72,2
44,72,4
47,72,4
57,72,5
61,72,3
67,72,4
5,74,4
9,74,4
14,74,4
15,74,2
17,74,5
18,74,5
29,74,5
39,74,5
47,74,4
52,74,3
57,74,5
60,74,5
5,85,0
5,193,0
5,194,0
5,19,0
5,200,0
5,181,0
5,104,0
5,132,0
5,110,0
5,83,0
5,168,0
5,184,0
5,196,0
5,39,0
5,186,0
5,133,0
5,97,0
5,180,0
5,129,0
5,91,0
5,42,0
5,51,0
5,80,0
5,130,0
5,171,0
5,30,0
5,21,0
5,189,0
5,93,0
5,122,0
5,112,0
5,156,0
5,78,0
5,147,0
5,103,0
5,197,0
5,96,0
5,149,0
5,140,0
5,114,0
5,90,0
5,131,0
5,95,0
5,88,0
5,143,0
5,183,0
5,190,0
5,177,0
5,75,0
5,153,0
5,108,0
5,195,0
5,175,0
5,99,0
5,73,0
5,25,0
5,138,0
5,154,0
5,165,0
5,102,0
5,162,0
5,101,0
5,67,0
5,150,0
5,98,0
5,158,0
5,22,0
5,164,0
5,109,0
5,87,0
5,16,0
5,61,0
5,63,0
5,188,0
5,47,0
5,36,0
5,31,0
5,167,0
5,152,0
5,33,0
5,191,0
5,145,0
5,146,0
5,160,0
5,120,0
5,70,0
5,169,0
5,107,0
5,94,0
5,115,0
5,127,0
5,157,0
5,44,0
5,82,0
5,113,0
5,49,0
5,40,0
5,192,0
5,58,0
5,71,0
8,155,0
8,108,0
8,147,0
8,82,0
8,39,0
8,93,0
8,16,0
8,28,0
8,13,0
8,191,0
8,171,0
8,2,0
8,31,0
8,154,0
8,92,0
8,80,0
8,153,0
8,122,0
8,118,0
8,121,0
8,54,0
8,24,0
8,12,0
8,159,0
8,66,0
8,10,0
8,127,0
8,144,0
8,166,0
8,74,0
8,188,0
8,136,0
8,194,0
8,19,0
8,157,0
8,119,0
8,6,0
8,17,0
8,107,0
8,87,0
8,120,0
8,185,0
8,91,0
8,133,0
8,156,0
8,25,0
8,163,0
8,95,0
8,189,0
8,126,0
8,100,0
8,124,0
8,142,0
8,143,0
8,164,0
8,152,0
8,99,0
8,184,0
8,111,0
8,22,0
8,128,0
8,167,0
8,139,0
8,148,0
8,187,0
8,160,0
8,90,0
8,123,0
8,200,0
8,114,0
8,76,0
8,40,0
8,197,0
8,145,0
8,181,0
8,113,0
8,15,0
8,34,0
8,129,0
8,75,0
8,47,0
8,67,0
8,199,0
8,196,0
8,23,0
8,103,0
8,109,0
8,62,0
8,106,0
8,81,0
8,195,0
8,49,0
8,33,0
8,150,0
8,162,0
8,192,0
8,83,0
8,26,0
8,101,0
8,85,0
9,133,0
9,73,0
9,157,0
9,89,0
9,92,0
9,183,0
9,35,0
9,110,0
9,186,0
9,197,0
9,156,0
9,136,0
9,19,0
9,117,0
9,106,0
9,70,0
9,164,0
9,17,0
9,67,0
9,107,0
9,172,0
9,177,0
9,138,0
9,154,0
9,187,0
9,128,0
9,151,0
9,37,0
9,160,0
9,97,0
9,145,0
9,78,0
9,21,0
9,174,0
9,122,0
9,150,0
9,22,0
9,98,0
9,175,0
9,88,0
9,54,0
9,137,0
9,61,0
9,60,0
9,96,0
9,26,0
9,94,0
9,142,0
9,91,0
9,184,0
9,155,0
9,6,0
9,79,0
9,85,0
9,63,0
9,141,0
9,123,0
9,167,0
9,134,0
9,90,0
9,33,0
9,104,0
9,170,0
9,66,0
9,111,0
9,15,0
9,115,0
9,86,0
9,126,0
9,159,0
9,143,0
9,200,0
9,124,0
9,116,0
9,118,0
9,193,0
9,84,0
9,162,0
9,153,0
9,139,0
9,16,0
9,181,0
9,25,0
9,102,0
9,59,0
9,169,0
9,42,0
9,198,0
9,171,0
9,114,0
9,166,0
9,51,0
9,163,0
9,199,0
9,119,0
9,161,0
9,168,0
9,71,0
9,95,0
9,39,0
13,153,0
13,97,0
13,169,0
13,149,0
13,124,0
13,147,0
13,99,0
13,182,0
13,134,0
13,92,0
13,130,0
13,193,0
13,96,0
13,52,0
13,53,0
13,174,0
13,18,0
13,91,0
13,84,0
13,94,0
13,144,0
13,83,0
13,71,0
13,40,0
13,162,0
13,175,0
13,173,0
13,105,0
13,88,0
13,188,0
13,8,0
13,190,0
13,141,0
13,184,0
13,164,0
13,110,0
13,146,0
13,16,0
13,114,0
13,19,0
13,160,0
13,15,0
13,62,0
13,23,0
13,101,0
13,6,0
13,42,0
13,17,0
13,93,0
13,79,0
13,49,0
13,56,0
13,76,0
13,185,0
13,158,0
13,125,0
13,198,0
13,143,0
13,137,0
13,163,0
13,100,0
13,121,0
13,117,0
13,120,0
13,138,0
13,102,0
13,129,0
13,3,0
13,113,0
13,35,0
13,103,0
13,127,0
13,148,0
13,80,0
13,67,0
13,58,0
13,111,0
13,133,0
13,73,0
13,14,0
13,123,0
13,26,0
13,122,0
13,72,0
13,191,0
13,180,0
13,31,0
13,150,0
13,4,0
13,82,0
13,116,0
13,142,0
13,77,0
13,177,0
13,186,0
13,161,0
13,178,0
13,13,0
13,36,0
13,154,0
14,156,0
14,144,0
14,77,0
14,82,0
14,173,0
14,159,0
14,165,0
14,190,0
14,132,0
14,139,0
14,189,0
14,147,0
14,21,0
14,96,0
14,101,0
14,179,0
14,80,0
14,49,0
14,63,0
14,182,0
14,186,0
14,111,0
14,112,0
14,181,0
14,153,0
14,199,0
14,47,0
14,23,0
14,84,0
14,113,0
14,42,0
14,25,0
14,177,0
14,137,0
14,164,0
14,195,0
14,30,0
14,127,0
14,58,0
14,116,0
14,16,0
14,178,0
14,168,0
14,128,0
14,176,0
14,136,0
14,89,0
14,104,0
14,196,0
14,140,0
14,134,0
14,191,0
14,73,0
14,79,0
14,157,0
14,150,0
14,142,0
14,161,0
14,129,0
14,197,0
14,143,0
14,149,0
14,85,0
14,171,0
14,200,0
14,169,0
14,170,0
14,167,0
14,163,0
14,100,0
14,39,0
14,152,0
14,151,0
14,185,0
14,81,0
14,92,0
14,141,0
14,87,0
14,174,0
14,109,0
14,126,0
14,60,0
14,124,0
14,31,0
14,138,0
14,75,0
14,119,0
14,66,0
14,26,0
14,105,0
14,103,0
14,59,0
14,53,0
14,130,0
14,180,0
14,198,0
14,90,0
14,19,0
14,184,0
14,117,0
17,40,0
17,61,0
17,70,0
17,128,0
17,77,0
17,171,0
17,14,0
17,49,0
17,179,0
17,166,0
17,106,0
17,116,0
17,199,0
17,127,0
17,5,0
17,63,0
17,143,0
17,95,0
17,102,0
17,67,0
17,193,0
17,35,0
17,12,0
17,115,0
17,90,0
17,24,0
17,141,0
17,181,0
17,62,0
17,119,0
17,37,0
17,47,0
17,175,0
17,107,0
17,142,0
17,15,0
17,157,0
17,87,0
17,161,0
17,147,0
17,120,0
17,78,0
17,23,0
17,86,0
17,153,0
17,134,0
17,187,0
17,177,0
17,31,0
17,131,0
17,118,0
17,101,0
17,172,0
17,100,0
17,84,0
17,152,0
17,138,0
17,167,0
17,108,0
17,56,0
17,188,0
17,81,0
17,174,0
17,113,0
17,92,0
17,20,0
17,160,0
17,21,0
17,53,0
17,189,0
17,105,0
17,17,0
17,185,0
17,114,0
17,71,0
17,196,0
17,89,0
17,163,0
17,30,0
17,165,0
17,76,0
17,94,0
17,126,0
17,180,0
17,57,0
17,13,0
17,125,0
17,112,0
17,93,0
17,4,0
17,200,0
17,16,0
17,26,0
17,132,0
17,154,0
17,79,0
17,155,0
17,22,0
17,169,0
17,191,0
18,188,0
18,168,0
18,100,0
18,126,0
18,111,0
18,157,0
18,195,0
18,145,0
18,120,0
18,53,0
18,192,0
18,88,0
18,23,0
18,130,0
18,140,0
18,58,0
18,102,0
18,56,0
18,93,0
18,159,0
18,47,0
18,161,0
18,147,0
18,24,0
18,160,0
18,77,0
18,138,0
18,54,0
18,115,0
18,17,0
18,180,0
18,200,0
18,134,0
18,104,0
18,194,0
18,132,0
18,61,0
18,170,0
18,80,0
18,114,0
18,150,0
18,124,0
18,87,0
18,72,0
18,59,0
18,112,0
18,32,0
18,67,0
18,133,0
18,39,0
18,91,0
18,2,0
18,178,0
18,135,0
18,123,0
18,162,0
18,4,0
18,26,0
18,60,0
18,128,0
18,51,0
18,155,0
18,108,0
18,142,0
18,35,0
18,81,0
18,36,0
18,21,0
18,71,0
18,175,0
18,189,0
18,101,0
18,181,0
18,95,0
18,28,0
18,40,0
18,15,0
18,19,0
18,121,0
18,186,0
18,14,0
18,179,0
18,6,0
18,83,0
18,169,0
18,75,0
18,12,0
18,13,0
18,176,0
18,173,0
18,79,0
18,146,0
18,37,0
18,33,0
18,127,0
18,70,0
18,90,0
18,152,0
18,172,0
18,196,0
23,140,0
23,82,0
23,30,0
23,91,0
23,40,0
23,47,0
23,129,0
23,55,0
23,116,0
23,27,0
23,164,0
23,36,0
23,143,0
23,136,0
23,147,0
23,182,0
23,110,0
23,19,0
23,73,0
23,31,0
23,86,0
23,138,0
23,84,0
23,142,0
23,72,0
23,170,0
23,198,0
23,93,0
23,177,0
23,162,0
23,15,0
23,76,0
23,33,0
23,39,0
23,183,0
23,111,0
23,67,0
23,151,0
23,34,0
23,155,0
23,112,0
23,144,0
23,119,0
23,130,0
23,150,0
23,26,0
23,87,0
23,141,0
23,196,0
23,11,0
23,24,0
23,156,0
23,92,0
23,51,0
23,163,0
23,60,0
23,25,0
23,6,0
23,54,0
23,79,0
23,197,0
23,189,0
23,101,0
23,83,0
23,199,0
23,154,0
23,135,0
23,153,0
23,5,0
23,124,0
23,122,0
23,75,0
23,145,0
23,96,0
23,132,0
23,13,0
23,158,0
23,200,0
23,53,0
23,97,0
23,88,0
23,179,0
23,90,0
23,100,0
23,146,0
23,149,0
23,74,0
23,98,0
23,137,0
23,104,0
23,99,0
23,160,0
23,134,0
23,190,0
23,71,0
23,139,0
23,80,0
23,3,0
23,78,0
23,161,0
26,127,0
26,29,0
26,159,0
26,107,0
26,149,0
26,93,0
26,165,0
26,175,0
26,71,0
26,176,0
26,63,0
26,31,0
26,199,0
26,134,0
26,102,0
26,162,0
26,34,0
26,67,0
26,198,0
26,123,0
26,171,0
26,163,0
26,129,0
26,196,0
26,59,0
26,79,0
26,119,0
26,81,0
26,53,0
26,151,0
26,22,0
26,95,0
26,106,0
26,170,0
26,125,0
26,174,0
26,87,0
26,26,0
26,4,0
26,190,0
26,73,0
26,173,0
26,42,0
26,195,0
26,200,0
26,143,0
26,10,0
26,144,0
26,131,0
26,180,0
26,66,0
26,19,0
26,25,0
26,169,0
26,152,0
26,61,0
26,194,0
26,178,0
26,17,0
26,100,0
26,184,0
26,99,0
26,121,0
26,55,0
26,39,0
26,54,0
26,197,0
26,94,0
26,110,0
26,76,0
26,182,0
26,103,0
26,86,0
26,179,0
26,92,0
26,36,0
26,2,0
26,101,0
26,114,0
26,115,0
26,3,0
26,15,0
26,140,0
26,37,0
26,185,0
26,78,0
26,160,0
26,147,0
26,96,0
26,186,0
26,157,0
26,137,0
26,5,0
26,89,0
26,56,0
26,168,0
26,16,0
26,155,0
26,90,0
26,77,0
29,131,0
29,73,0
29,62,0
29,132,0
29,22,0
29,92,0
29,102,0
29,65,0
29,101,0
29,111,0
29,148,0
29,200,0
29,21,0
29,157,0
29,160,0
29,103,0
29,194,0
29,30,0
29,100,0
29,172,0
29,105,0
29,165,0
29,89,0
29,124,0
29,104,0
29,198,0
29,13,0
29,123,0
29,49,0
29,75,0
29,106,0
29,196,0
29,59,0
29,63,0
29,97,0
29,78,0
29,170,0
29,122,0
29,120,0
29,180,0
29,51,0
29,155,0
29,84,0
29,67,0
29,37,0
29,168,0
29,31,0
29,130,0
29,53,0
29,166,0
29,91,0
29,16,0
29,173,0
29,55,0
29,86,0
29,188,0
29,171,0
29,3,0
29,139,0
29,66,0
29,71,0
29,154,0
29,121,0
29,189,0
29,178,0
29,87,0
29,179,0
29,129,0
29,133,0
29,36,0
29,82,0
29,183,0
29,40,0
29,95,0
29,23,0
29,181,0
29,39,0
29,42,0
29,15,0
29,77,0
29,150,0
29,12,0
29,85,0
29,141,0
29,116,0
29,58,0
29,118,0
29,32,0
29,147,0
29,176,0
29,163,0
29,25,0
29,20,0
29,195,0
29,44,0
29,186,0
29,185,0
29,145,0
29,126,0
29,136,0
35,136,0
35,58,0
35,155,0
35,81,0
35,20,0
35,112,0
35,147,0
35,80,0
35,164,0
35,103,0
35,134,0
35,15,0
35,75,0
35,132,0
35,152,0
35,83,0
35,188,0
35,10,0
35,51,0
35,150,0
35,114,0
35,101,0
35,165,0
35,95,0
35,49,0
35,193,0
35,128,0
35,26,0
35,71,0
35,180,0
35,163,0
35,93,0
35,72,0
35,190,0
35,14,0
35,106,0
35,198,0
35,78,0
35,159,0
35,102,0
35,76,0
35,127,0
35,85,0
35,104,0
35,149,0
35,118,0
35,67,0
35,181,0
35,13,0
35,12,0
35,31,0
35,146,0
35,39,0
35,183,0
35,138,0
35,87,0
35,79,0
35,160,0
35,24,0
35,56,0
35,32,0
35,173,0
35,151,0
35,189,0
35,185,0
35,197,0
35,186,0
35,199,0
35,143,0
35,94,0
35,131,0
35,110,0
35,28,0
35,11,0
35,137,0
35,139,0
35,187,0
35,126,0
35,4,0
35,196,0
35,42,0
35,68,0
35,119,0
35,111,0
35,123,0
35,157,0
35,192,0
35,37,0
35,63,0
35,36,0
35,91,0
35,135,0
35,22,0
35,40,0
35,57,0
35,70,0
35,54,0
35,156,0
35,145,0
35,124,0
37,132,0
37,103,0
37,169,0
37,148,0
37,5,0
37,124,0
37,118,0
37,42,0
37,111,0
37,37,0
37,116,0
37,92,0
37,97,0
37,195,0
37,85,0
37,36,0
37,66,0
37,15,0
37,10,0
37,99,0
37,108,0
37,60,0
37,75,0
37,189,0
37,142,0
37,183,0
37,147,0
37,82,0
37,127,0
37,34,0
37,174,0
37,190,0
37,68,0
37,70,0
37,129,0
37,180,0
37,160,0
37,112,0
37,196,0
37,76,0
37,56,0
37,35,0
37,172,0
37,51,0
37,154,0
37,80,0
37,149,0
37,106,0
37,73,0
37,113,0
37,45,0
37,170,0
37,78,0
37,105,0
37,131,0
37,110,0
37,109,0
37,184,0
37,61,0
37,26,0
37,22,0
37,139,0
37,121,0
37,163,0
37,133,0
37,84,0
37,39,0
37,157,0
37,159,0
37,47,0
37,32,0
37,200,0
37,59,0
37,144,0
37,135,0
37,194,0
37,54,0
37,117,0
37,130,0
37,49,0
37,181,0
37,119,0
37,162,0
37,198,0
37,168,0
37,102,0
37,161,0
37,90,0
37,173,0
37,89,0
37,123,0
37,94,0
37,101,0
37,14,0
37,126,0
37,199,0
37,171,0
37,125,0
37,150,0
37,152,0
42,44,0
42,103,0
42,89,0
42,199,0
42,94,0
42,118,0
42,97,0
42,78,0
42,166,0
42,136,0
42,167,0
42,149,0
42,122,0
42,42,0
42,107,0
42,73,0
42,188,0
42,159,0
42,153,0
42,71,0
42,108,0
42,115,0
42,112,0
42,105,0
42,60,0
42,135,0
42,35,0
42,124,0
42,193,0
42,162,0
42,32,0
42,163,0
42,148,0
42,31,0
42,157,0
42,133,0
42,192,0
42,156,0
42,144,0
42,130,0
42,142,0
42,147,0
42,174,0
42,95,0
42,90,0
42,109,0
42,143,0
42,183,0
42,79,0
42,30,0
42,121,0
42,49,0
42,75,0
42,100,0
42,160,0
42,154,0
42,22,0
42,116,0
42,86,0
42,158,0
42,138,0
42,168,0
42,15,0
42,93,0
42,198,0
42,110,0
42,184,0
42,187,0
42,151,0
42,21,0
42,26,0
42,186,0
42,51,0
42,113,0
42,92,0
42,58,0
42,25,0
42,161,0
42,176,0
42,119,0
42,131,0
42,85,0
42,17,0
42,102,0
42,34,0
42,141,0
42,123,0
42,194,0
42,127,0
42,125,0
42,80,0
42,126,0
42,114,0
42,169,0
42,87,0
42,36,0
42,128,0
42,99,0
42,146,0
42,191,0
51,110,0
51,112,0
51,115,0
51,17,0
51,146,0
51,83,0
51,82,0
51,12,0
51,199,0
51,155,0
51,150,0
51,124,0
51,84,0
51,197,0
51,71,0
51,54,0
51,93,0
51,10,0
51,126,0
51,131,0
51,121,0
51,117,0
51,100,0
51,108,0
51,57,0
51,165,0
51,85,0
51,175,0
51,20,0
51,137,0
51,191,0
51,87,0
51,183,0
51,32,0
51,42,0
51,23,0
51,193,0
51,143,0
51,162,0
51,177,0
51,171,0
51,152,0
51,19,0
51,139,0
51,6,0
51,192,0
51,185,0
51,73,0
51,176,0
51,120,0
51,81,0
51,179,0
51,80,0
51,28,0
51,3,0
51,77,0
51,31,0
51,159,0
51,125,0
51,21,0
51,25,0
51,128,0
51,127,0
51,102,0
51,173,0
51,37,0
51,116,0
51,123,0
51,22,0
51,99,0
51,172,0
51,96,0
51,33,0
51,194,0
51,182,0
51,106,0
51,154,0
51,148,0
51,156,0
51,49,0
51,52,0
51,140,0
51,69,0
51,190,0
51,196,0
51,97,0
51,98,0
51,188,0
51,30,0
51,198,0
51,45,0
51,104,0
51,181,0
51,89,0
51,187,0
51,163,0
51,157,0
51,141,0
51,122,0
51,16,0
67,67,0
67,183,0
67,21,0
67,165,0
67,138,0
67,104,0
67,139,0
67,176,0
67,16,0
67,180,0
67,23,0
67,100,0
67,27,0
67,135,0
67,7,0
67,113,0
67,12,0
67,89,0
67,149,0
67,190,0
67,80,0
67,194,0
67,108,0
67,200,0
67,127,0
67,125,0
67,52,0
67,79,0
67,63,0
67,160,0
67,155,0
67,198,0
67,93,0
67,174,0
67,118,0
67,142,0
67,133,0
67,92,0
67,25,0
67,162,0
67,130,0
67,132,0
67,39,0
67,172,0
67,109,0
67,197,0
67,88,0
67,117,0
67,146,0
67,96,0
67,75,0
67,181,0
67,119,0
67,41,0
67,32,0
67,112,0
67,105,0
67,136,0
67,156,0
67,141,0
67,121,0
67,3,0
67,74,0
67,193,0
67,30,0
67,46,0
67,110,0
67,2,0
67,90,0
67,192,0
67,102,0
67,145,0
67,44,0
67,70,0
67,148,0
67,40,0
67,56,0
67,17,0
67,77,0
67,114,0
67,62,0
67,97,0
67,76,0
67,143,0
67,61,0
67,124,0
67,14,0
67,24,0
67,196,0
67,36,0
67,13,0
67,182,0
67,8,0
67,26,0
67,164,0
67,199,0
67,53,0
67,99,0
67,47,0
67,144,0
11,191,0
11,160,0
11,44,0
11,24,0
11,131,0
11,16,0
11,97,0
11,159,0
11,175,0
11,78,0
11,143,0
11,187,0
11,31,0
11,155,0
11,74,0
11,90,0
11,79,0
11,32,0
11,179,0
11,40,0
11,19,0
11,63,0
11,22,0
11,86,0
11,10,0
11,112,0
11,35,0
11,85,0
11,81,0
11,123,0
11,62,0
11,25,0
11,200,0
11,186,0
11,174,0
11,14,0
11,101,0
11,182,0
11,151,0
11,56,0
11,136,0
11,122,0
11,193,0
11,133,0
11,172,0
11,67,0
11,140,0
11,37,0
11,88,0
11,21,0
11,100,0
11,197,0
11,17,0
11,184,0
11,199,0
11,166,0
11,126,0
11,144,0
11,118,0
11,148,0
11,3,0
11,149,0
11,99,0
11,142,0
11,195,0
11,36,0
11,92,0
11,117,0
11,139,0
11,124,0
11,66,0
11,34,0
11,83,0
11,52,0
11,54,0
11,82,0
11,125,0
11,152,0
11,161,0
11,87,0
11,94,0
11,5,0
11,135,0
11,153,0
11,177,0
11,173,0
11,102,0
11,145,0
11,171,0
11,150,0
11,59,0
11,23,0
11,107,0
11,39,0
11,110,0
11,89,0
11,75,0
11,49,0
11,104,0
11,134,0
12,94,0
12,55,0
12,197,0
12,101,0
12,171,0
12,1,0
12,129,0
12,133,0
12,158,0
12,60,0
12,64,0
12,178,0
12,200,0
12,175,0
12,21,0
12,106,0
12,134,0
12,160,0
12,141,0
12,36,0
12,98,0
12,145,0
12,23,0
12,192,0
12,33,0
12,51,0
12,149,0
12,29,0
12,128,0
12,196,0
12,5,0
12,109,0
12,139,0
12,117,0
12,58,0
12,35,0
12,107,0
12,62,0
12,44,0
12,100,0
12,193,0
12,27,0
12,155,0
12,168,0
12,123,0
12,71,0
12,54,0
12,118,0
12,122,0
12,190,0
12,110,0
12,97,0
12,138,0
12,95,0
12,17,0
12,104,0
12,59,0
12,183,0
12,156,0
12,96,0
12,70,0
12,136,0
12,92,0
12,72,0
12,130,0
12,82,0
12,199,0
12,67,0
12,137,0
12,198,0
12,88,0
12,113,0
12,76,0
12,124,0
12,49,0
12,159,0
12,87,0
12,10,0
12,165,0
12,132,0
12,119,0
12,152,0
12,144,0
12,16,0
12,83,0
12,19,0
12,191,0
12,57,0
12,182,0
12,3,0
12,25,0
12,91,0
12,75,0
12,161,0
12,37,0
12,162,0
12,65,0
12,99,0
12,13,0
12,176,0
15,185,0
15,189,0
15,28,0
15,73,0
15,186,0
15,152,0
15,167,0
15,20,0
15,128,0
15,182,0
15,63,0
15,119,0
15,102,0
15,173,0
15,117,0
15,19,0
15,198,0
15,107,0
15,26,0
15,177,0
15,118,0
15,51,0
15,111,0
15,17,0
15,79,0
15,59,0
15,120,0
15,93,0
15,121,0
15,161,0
15,30,0
15,183,0
15,6,0
15,154,0
15,104,0
15,115,0
15,135,0
15,193,0
15,133,0
15,67,0
15,3,0
15,98,0
15,88,0
15,171,0
15,168,0
15,83,0
15,99,0
15,82,0
15,174,0
15,10,0
15,103,0
15,70,0
15,181,0
15,89,0
15,23,0
15,126,0
15,58,0
15,12,0
15,150,0
15,159,0
15,5,0
15,137,0
15,169,0
15,37,0
15,116,0
15,31,0
15,15,0
15,140,0
15,24,0
15,134,0
15,101,0
15,130,0
15,87,0
15,32,0
15,142,0
15,149,0
15,61,0
15,197,0
15,127,0
15,71,0
15,170,0
15,136,0
15,13,0
15,49,0
15,144,0
15,97,0
15,56,0
15,129,0
15,68,0
15,33,0
15,166,0
15,96,0
15,196,0
15,125,0
15,42,0
15,157,0
15,91,0
15,192,0
15,54,0
15,158,0
20,118,0
20,110,0
20,49,0
20,42,0
20,96,0
20,148,0
20,33,0
20,51,0
20,34,0
20,53,0
20,133,0
20,138,0
20,56,0
20,16,0
20,139,0
20,185,0
20,86,0
20,176,0
20,121,0
20,105,0
20,129,0
20,32,0
20,26,0
20,140,0
20,27,0
20,30,0
20,197,0
20,137,0
20,162,0
20,122,0
20,10,0
20,39,0
20,100,0
20,63,0
20,40,0
20,15,0
20,37,0
20,169,0
20,101,0
20,142,0
20,44,0
20,112,0
20,91,0
20,93,0
20,103,0
20,127,0
20,29,0
20,90,0
20,35,0
20,1,0
20,179,0
20,147,0
20,152,0
20,165,0
20,68,0
20,83,0
20,78,0
20,62,0
20,157,0
20,106,0
20,54,0
20,79,0
20,181,0
20,144,0
20,166,0
20,67,0
20,159,0
20,24,0
20,71,0
20,22,0
20,38,0
20,182,0
20,194,0
20,3,0
20,25,0
20,143,0
20,134,0
20,88,0
20,61,0
20,199,0
20,72,0
20,187,0
20,60,0
20,111,0
20,113,0
20,65,0
20,153,0
20,172,0
20,151,0
20,135,0
20,31,0
20,52,0
20,5,0
20,200,0
20,85,0
20,189,0
20,77,0
20,23,0
20,58,0
20,149,0
21,147,0
21,121,0
21,76,0
21,170,0
21,58,0
21,165,0
21,72,0
21,191,0
21,87,0
21,71,0
21,17,0
21,81,0
21,43,0
21,120,0
21,169,0
21,113,0
21,100,0
21,40,0
21,146,0
21,38,0
21,42,0
21,3,0
21,94,0
21,132,0
21,186,0
21,145,0
21,45,0
21,20,0
21,190,0
21,12,0
21,49,0
21,154,0
21,117,0
21,189,0
21,160,0
21,54,0
21,139,0
21,70,0
21,62,0
21,136,0
21,51,0
21,142,0
21,15,0
21,14,0
21,135,0
21,31,0
21,149,0
21,56,0
21,5,0
21,118,0
21,16,0
21,93,0
21,181,0
21,11,0
21,156,0
21,195,0
21,167,0
21,25,0
21,114,0
21,1,0
21,119,0
21,57,0
21,36,0
21,133,0
21,150,0
21,173,0
21,102,0
21,103,0
21,140,0
21,61,0
21,122,0
21,107,0
21,172,0
21,176,0
21,197,0
21,144,0
21,183,0
21,200,0
21,151,0
21,74,0
21,159,0
21,13,0
21,168,0
21,174,0
21,63,0
21,131,0
21,30,0
21,157,0
21,143,0
21,185,0
21,67,0
21,163,0
21,55,0
21,128,0
21,129,0
21,179,0
21,134,0
21,47,0
21,104,0
21,75,0
25,122,0
25,111,0
25,13,0
25,146,0
25,36,0
25,56,0
25,147,0
25,42,0
25,100,0
25,112,0
25,123,0
25,86,0
25,120,0
25,180,0
25,18,0
25,90,0
25,55,0
25,33,0
25,40,0
25,199,0
25,94,0
25,72,0
25,91,0
25,157,0
25,149,0
25,136,0
25,140,0
25,156,0
25,51,0
25,96,0
25,185,0
25,153,0
25,65,0
25,139,0
25,82,0
25,159,0
25,70,0
25,95,0
25,60,0
25,43,0
25,175,0
25,39,0
25,164,0
25,44,0
25,195,0
25,151,0
25,84,0
25,64,0
25,85,0
25,89,0
25,34,0
25,170,0
25,38,0
25,200,0
25,127,0
25,124,0
25,118,0
25,128,0
25,1,0
25,103,0
25,193,0
25,21,0
25,181,0
25,152,0
25,58,0
25,63,0
25,105,0
25,141,0
25,138,0
25,145,0
25,49,0
25,16,0
25,107,0
25,93,0
25,135,0
25,168,0
25,163,0
25,177,0
25,154,0
25,189,0
25,59,0
25,179,0
25,172,0
25,88,0
25,194,0
25,22,0
25,98,0
25,110,0
25,15,0
25,109,0
25,119,0
25,184,0
25,25,0
25,171,0
25,47,0
25,158,0
25,75,0
25,5,0
25,196,0
25,142,0
27,185,0
27,20,0
27,67,0
27,179,0
27,150,0
27,188,0
27,151,0
27,148,0
27,116,0
27,104,0
27,168,0
27,197,0
27,24,0
27,66,0
27,130,0
27,161,0
27,56,0
27,132,0
27,114,0
27,81,0
27,159,0
27,122,0
27,14,0
27,6,0
27,75,0
27,135,0
27,189,0
27,146,0
27,171,0
27,97,0
27,49,0
27,82,0
27,113,0
27,194,0
27,174,0
27,123,0
27,121,0
27,178,0
27,5,0
27,27,0
27,154,0
27,59,0
27,60,0
27,89,0
27,11,0
27,51,0
27,12,0
27,118,0
27,191,0
27,101,0
27,16,0
27,111,0
27,110,0
27,183,0
27,176,0
27,134,0
27,170,0
27,96,0
27,76,0
27,162,0
27,103,0
27,198,0
27,80,0
27,43,0
27,28,0
27,45,0
27,158,0
27,70,0
27,22,0
27,153,0
27,137,0
27,119,0
27,136,0
27,142,0
27,1,0
27,196,0
27,144,0
27,109,0
27,173,0
27,57,0
27,167,0
27,91,0
27,33,0
27,155,0
27,169,0
27,94,0
27,34,0
27,120,0
27,175,0
27,195,0
27,53,0
27,86,0
27,112,0
27,38,0
27,77,0
27,131,0
27,129,0
27,180,0
27,106,0
27,156,0
31,113,0
31,102,0
31,52,0
31,22,0
31,140,0
31,182,0
31,12,0
31,153,0
31,40,0
31,190,0
31,167,0
31,165,0
31,105,0
31,171,0
31,132,0
31,164,0
31,83,0
31,178,0
31,6,0
31,97,0
31,84,0
31,103,0
31,124,0
31,107,0
31,1,0
31,89,0
31,70,0
31,44,0
31,42,0
31,85,0
31,54,0
31,146,0
31,135,0
31,149,0
31,82,0
31,166,0
31,161,0
31,151,0
31,51,0
31,180,0
31,155,0
31,152,0
31,128,0
31,71,0
31,154,0
31,31,0
31,148,0
31,184,0
31,196,0
31,172,0
31,156,0
31,137,0
31,5,0
31,39,0
31,87,0
31,74,0
31,176,0
31,162,0
31,119,0
31,109,0
31,143,0
31,19,0
31,133,0
31,177,0
31,45,0
31,4,0
31,80,0
31,195,0
31,189,0
31,127,0
31,138,0
31,38,0
31,90,0
31,21,0
31,179,0
31,163,0
31,115,0
31,93,0
31,96,0
31,17,0
31,142,0
31,99,0
31,78,0
31,120,0
31,118,0
31,27,0
31,175,0
31,197,0
31,122,0
31,150,0
31,100,0
31,130,0
31,114,0
31,101,0
31,116,0
31,169,0
31,98,0
31,199,0
31,126,0
31,181,0
36,26,0
36,116,0
36,94,0
36,90,0
36,110,0
36,63,0
36,61,0
36,95,0
36,128,0
36,92,0
36,30,0
36,156,0
36,89,0
36,104,0
36,101,0
36,127,0
36,15,0
36,31,0
36,121,0
36,93,0
36,187,0
36,133,0
36,190,0
36,78,0
36,70,0
36,13,0
36,102,0
36,33,0
36,108,0
36,25,0
36,180,0
36,131,0
36,42,0
36,140,0
36,165,0
36,155,0
36,44,0
36,159,0
36,12,0
36,129,0
36,139,0
36,69,0
36,197,0
36,137,0
36,73,0
36,130,0
36,87,0
36,54,0
36,19,0
36,5,0
36,77,0
36,24,0
36,71,0
36,183,0
36,114,0
36,106,0
36,136,0
36,80,0
36,36,0
36,141,0
36,84,0
36,169,0
36,170,0
36,182,0
36,112,0
36,145,0
36,58,0
36,199,0
36,196,0
36,149,0
36,120,0
36,186,0
36,105,0
36,100,0
36,174,0
36,143,0
36,144,0
36,157,0
36,171,0
36,109,0
36,32,0
36,56,0
36,75,0
36,152,0
36,198,0
36,83,0
36,178,0
36,45,0
36,113,0
36,175,0
36,21,0
36,118,0
36,195,0
36,151,0
36,39,0
36,10,0
36,164,0
36,189,0
36,117,0
36,194,0
39,163,0
39,54,0
39,94,0
39,149,0
39,186,0
39,144,0
39,152,0
39,141,0
39,172,0
39,133,0
39,76,0
39,136,0
39,166,0
39,160,0
39,123,0
39,102,0
39,193,0
39,78,0
39,51,0
39,114,0
39,52,0
39,115,0
39,142,0
39,13,0
39,109,0
39,131,0
39,157,0
39,39,0
39,1,0
39,12,0
39,192,0
39,11,0
39,24,0
39,92,0
39,84,0
39,9,0
39,181,0
39,70,0
39,171,0
39,150,0
39,73,0
39,71,0
39,154,0
39,110,0
39,196,0
39,195,0
39,118,0
39,10,0
39,87,0
39,26,0
39,53,0
39,128,0
39,139,0
39,48,0
39,104,0
39,91,0
39,98,0
39,189,0
39,16,0
39,4,0
39,158,0
39,44,0
39,93,0
39,164,0
39,146,0
39,175,0
39,161,0
39,90,0
39,60,0
39,69,0
39,177,0
39,137,0
39,5,0
39,22,0
39,116,0
39,113,0
39,120,0
39,151,0
39,40,0
39,35,0
39,96,0
39,108,0
39,183,0
39,178,0
39,117,0
39,59,0
39,148,0
39,111,0
39,72,0
39,101,0
39,187,0
39,169,0
39,68,0
39,156,0
39,105,0
39,95,0
39,129,0
39,145,0
39,100,0
39,37,0
44,90,0
44,92,0
44,77,0
44,5,0
44,193,0
44,129,0
44,55,0
44,118,0
44,174,0
44,26,0
44,172,0
44,93,0
44,60,0
44,102,0
44,108,0
44,19,0
44,22,0
44,156,0
44,145,0
44,170,0
44,113,0
44,143,0
44,97,0
44,147,0
44,66,0
44,21,0
44,200,0
44,120,0
44,160,0
44,100,0
44,167,0
44,27,0
44,123,0
44,181,0
44,158,0
44,43,0
44,146,0
44,103,0
44,65,0
44,16,0
44,116,0
44,151,0
44,124,0
44,11,0
44,161,0
44,196,0
44,180,0
44,50,0
44,73,0
44,86,0
44,132,0
44,44,0
44,47,0
44,178,0
44,107,0
44,106,0
44,89,0
44,15,0
44,157,0
44,197,0
44,138,0
44,159,0
44,110,0
44,127,0
44,78,0
44,162,0
44,13,0
44,68,0
44,101,0
44,199,0
44,24,0
44,190,0
44,189,0
44,195,0
44,51,0
44,1,0
44,32,0
44,109,0
44,198,0
44,40,0
44,192,0
44,133,0
44,121,0
44,134,0
44,3,0
44,194,0
44,182,0
44,173,0
44,191,0
44,119,0
44,80,0
44,58,0
44,62,0
44,49,0
44,183,0
44,149,0
44,144,0
44,7,0
44,75,0
44,12,0
46,159,0
46,87,0
46,115,0
46,169,0
46,10,0
46,157,0
46,108,0
46,81,0
46,197,0
46,127,0
46,188,0
46,165,0
46,56,0
46,189,0
46,32,0
46,66,0
46,37,0
46,35,0
46,149,0
46,45,0
46,75,0
46,156,0
46,120,0
46,187,0
46,163,0
46,176,0
46,181,0
46,97,0
46,153,0
46,88,0
46,185,0
46,43,0
46,170,0
46,200,0
46,31,0
46,83,0
46,17,0
46,199,0
46,85,0
46,110,0
46,183,0
46,107,0
46,6,0
46,198,0
46,101,0
46,111,0
46,84,0
46,151,0
46,106,0
46,52,0
46,94,0
46,53,0
46,86,0
46,132,0
46,140,0
46,72,0
46,47,0
46,168,0
46,135,0
46,164,0
46,51,0
46,126,0
46,36,0
46,104,0
46,129,0
46,160,0
46,128,0
46,121,0
46,65,0
46,19,0
46,155,0
46,78,0
46,23,0
46,3,0
46,144,0
46,136,0
46,172,0
46,177,0
46,138,0
46,145,0
46,162,0
46,190,0
46,77,0
46,70,0
46,158,0
46,71,0
46,186,0
46,16,0
46,100,0
46,150,0
46,61,0
46,178,0
46,40,0
46,146,0
46,102,0
46,80,0
46,13,0
46,68,0
46,4,0
46,58,0
47,162,0
47,112,0
47,99,0
47,93,0
47,23,0
47,183,0
47,92,0
47,200,0
47,150,0
47,81,0
47,197,0
47,107,0
47,85,0
47,177,0
47,80,0
47,78,0
47,88,0
47,173,0
47,104,0
47,147,0
47,148,0
47,144,0
47,40,0
47,168,0
47,199,0
47,186,0
47,195,0
47,167,0
47,153,0
47,26,0
47,76,0
47,139,0
47,135,0
47,198,0
47,152,0
47,149,0
47,95,0
47,109,0
47,108,0
47,137,0
47,35,0
47,83,0
47,119,0
47,31,0
47,106,0
47,187,0
47,154,0
47,161,0
47,185,0
47,175,0
47,66,0
47,36,0
47,25,0
47,181,0
47,169,0
47,47,0
47,98,0
47,90,0
47,126,0
47,64,0
47,141,0
47,16,0
47,120,0
47,102,0
47,157,0
47,134,0
47,59,0
47,101,0
47,128,0
47,111,0
47,105,0
47,191,0
47,189,0
47,87,0
47,91,0
47,188,0
47,172,0
47,151,0
47,196,0
47,39,0
47,158,0
47,129,0
47,164,0
47,86,0
47,51,0
47,53,0
47,121,0
47,67,0
47,127,0
47,15,0
47,192,0
47,165,0
47,96,0
47,179,0
47,176,0
47,115,0
47,159,0
47,140,0
47,133,0
47,193,0
48,150,0
48,24,0
48,98,0
48,94,0
48,38,0
48,178,0
48,91,0
48,143,0
48,18,0
48,96,0
48,51,0
48,188,0
48,27,0
48,10,0
48,70,0
48,185,0
48,165,0
48,144,0
48,49,0
48,6,0
48,84,0
48,110,0
48,189,0
48,141,0
48,132,0
48,160,0
48,83,0
48,158,0
48,194,0
48,193,0
48,182,0
48,170,0
48,172,0
48,68,0
48,59,0
48,130,0
48,191,0
48,56,0
48,179,0
48,13,0
48,14,0
48,103,0
48,80,0
48,147,0
48,183,0
48,176,0
48,166,0
48,81,0
48,99,0
48,123,0
48,168,0
48,137,0
48,19,0
48,47,0
48,151,0
48,66,0
48,196,0
48,169,0
48,192,0
48,119,0
48,134,0
48,33,0
48,26,0
48,139,0
48,78,0
48,118,0
48,40,0
48,108,0
48,57,0
48,128,0
48,67,0
48,1,0
48,198,0
48,180,0
48,100,0
48,200,0
48,105,0
48,61,0
48,155,0
48,63,0
48,102,0
48,197,0
48,42,0
48,104,0
48,122,0
48,116,0
48,23,0
48,28,0
48,92,0
48,117,0
48,142,0
48,195,0
48,173,0
48,112,0
48,156,0
48,126,0
48,8,0
48,152,0
48,31,0
48,21,0
49,98,0
49,140,0
49,99,0
49,64,0
49,74,0
49,50,0
49,110,0
49,161,0
49,149,0
49,90,0
49,34,0
49,108,0
49,157,0
49,193,0
49,159,0
49,123,0
49,88,0
49,37,0
49,144,0
49,61,0
49,148,0
49,183,0
49,105,0
49,190,0
49,142,0
49,133,0
49,32,0
49,131,0
49,187,0
49,189,0
49,154,0
49,139,0
49,135,0
49,179,0
49,36,0
49,45,0
49,100,0
49,200,0
49,66,0
49,26,0
49,84,0
49,56,0
49,94,0
49,10,0
49,92,0
49,126,0
49,8,0
49,52,0
49,168,0
49,70,0
49,165,0
49,62,0
49,151,0
49,153,0
49,104,0
49,178,0
49,1,0
49,40,0
49,76,0
49,24,0
49,25,0
49,89,0
49,102,0
49,81,0
49,83,0
49,198,0
49,122,0
49,35,0
49,107,0
49,63,0
49,176,0
49,134,0
49,60,0
49,191,0
49,80,0
49,43,0
49,23,0
49,103,0
49,112,0
49,125,0
49,101,0
49,51,0
49,71,0
49,197,0
49,160,0
49,156,0
49,158,0
49,120,0
49,132,0
49,9,0
49,163,0
49,55,0
49,199,0
49,121,0
49,17,0
49,182,0
49,169,0
49,128,0
49,27,0
49,4,0
50,62,0
50,99,0
50,63,0
50,152,0
50,108,0
50,186,0
50,27,0
50,5,0
50,93,0
50,130,0
50,80,0
50,75,0
50,102,0
50,164,0
50,114,0
50,154,0
50,176,0
50,28,0
50,125,0
50,106,0
50,53,0
50,23,0
50,200,0
50,13,0
50,192,0
50,3,0
50,97,0
50,48,0
50,104,0
50,66,0
50,171,0
50,43,0
50,100,0
50,182,0
50,137,0
50,194,0
50,190,0
50,138,0
50,139,0
50,116,0
50,67,0
50,26,0
50,105,0
50,12,0
50,126,0
50,173,0
50,112,0
50,166,0
50,128,0
50,51,0
50,179,0
50,64,0
50,94,0
50,144,0
50,113,0
50,140,0
50,88,0
50,58,0
50,183,0
50,148,0
50,110,0
50,141,0
50,33,0
50,30,0
50,170,0
50,122,0
50,85,0
50,73,0
50,101,0
50,54,0
50,193,0
50,153,0
50,109,0
50,161,0
50,89,0
50,155,0
50,19,0
50,151,0
50,165,0
50,121,0
50,86,0
50,107,0
50,167,0
50,147,0
50,149,0
50,191,0
50,163,0
50,185,0
50,119,0
50,25,0
50,32,0
50,6,0
50,4,0
50,146,0
50,40,0
50,188,0
50,134,0
50,120,0
50,142,0
50,11,0
52,137,0
52,37,0
52,150,0
52,167,0
52,156,0
52,72,0
52,164,0
52,183,0
52,147,0
52,106,0
52,121,0
52,35,0
52,197,0
52,83,0
52,192,0
52,56,0
52,128,0
52,146,0
52,50,0
52,166,0
52,4,0
52,196,0
52,157,0
52,193,0
52,165,0
52,89,0
52,174,0
52,80,0
52,138,0
52,45,0
52,34,0
52,175,0
52,67,0
52,155,0
52,96,0
52,68,0
52,27,0
52,178,0
52,81,0
52,73,0
52,129,0
52,36,0
52,25,0
52,131,0
52,59,0
52,15,0
52,107,0
52,21,0
52,75,0
52,33,0
52,144,0
52,181,0
52,130,0
52,10,0
52,151,0
52,148,0
52,77,0
52,88,0
52,154,0
52,61,0
52,26,0
52,145,0
52,102,0
52,31,0
52,92,0
52,112,0
52,42,0
52,95,0
52,114,0
52,70,0
52,85,0
52,125,0
52,180,0
52,195,0
52,168,0
52,79,0
52,53,0
52,162,0
52,139,0
52,17,0
52,158,0
52,16,0
52,191,0
52,60,0
52,71,0
52,44,0
52,14,0
52,149,0
52,134,0
52,118,0
52,86,0
52,20,0
52,124,0
52,103,0
52,5,0
52,136,0
52,173,0
52,189,0
52,49,0
52,98,0
59,160,0
59,97,0
59,122,0
59,134,0
59,90,0
59,166,0
59,102,0
59,24,0
59,80,0
59,76,0
59,77,0
59,132,0
59,135,0
59,145,0
59,164,0
59,177,0
59,165,0
59,142,0
59,99,0
59,70,0
59,85,0
59,182,0
59,112,0
59,141,0
59,120,0
59,31,0
59,144,0
59,56,0
59,92,0
59,42,0
59,14,0
59,16,0
59,35,0
59,146,0
59,7,0
59,198,0
59,4,0
59,149,0
59,62,0
59,190,0
59,118,0
59,81,0
59,127,0
59,38,0
59,98,0
59,179,0
59,106,0
59,181,0
59,130,0
59,105,0
59,61,0
59,22,0
59,196,0
59,71,0
59,111,0
59,55,0
59,103,0
59,170,0
59,91,0
59,163,0
59,13,0
59,84,0
59,87,0
59,39,0
59,171,0
59,187,0
59,101,0
59,33,0
59,178,0
59,75,0
59,64,0
59,79,0
59,69,0
59,125,0
59,51,0
59,15,0
59,17,0
59,159,0
59,34,0
59,121,0
59,180,0
59,199,0
59,131,0
59,21,0
59,19,0
59,133,0
59,129,0
59,67,0
59,89,0
59,54,0
59,200,0
59,158,0
59,128,0
59,194,0
59,49,0
59,53,0
59,139,0
59,63,0
59,155,0
59,96,0
60,149,0
60,59,0
60,49,0
60,8,0
60,61,0
60,95,0
60,32,0
60,117,0
60,198,0
60,19,0
60,126,0
60,89,0
60,185,0
60,11,0
60,177,0
60,52,0
60,172,0
60,139,0
60,190,0
60,97,0
60,133,0
60,23,0
60,37,0
60,112,0
60,195,0
60,189,0
60,88,0
60,163,0
60,71,0
60,196,0
60,25,0
60,143,0
60,98,0
60,24,0
60,153,0
60,77,0
60,197,0
60,183,0
60,16,0
60,109,0
60,1,0
60,160,0
60,92,0
60,113,0
60,17,0
60,20,0
60,132,0
60,111,0
60,4,0
60,199,0
60,182,0
60,193,0
60,76,0
60,67,0
60,56,0
60,128,0
60,127,0
60,5,0
60,50,0
60,66,0
60,110,0
60,60,0
60,131,0
60,105,0
60,187,0
60,12,0
60,174,0
60,84,0
60,170,0
60,180,0
60,63,0
60,26,0
60,176,0
60,173,0
60,83,0
60,100,0
60,96,0
60,162,0
60,140,0
60,121,0
60,68,0
60,129,0
60,58,0
60,44,0
60,135,0
60,147,0
60,169,0
60,115,0
60,155,0
60,93,0
60,79,0
60,161,0
60,168,0
60,70,0
60,123,0
60,166,0
60,200,0
60,6,0
60,80,0
60,40,0
62,130,0
62,185,0
62,96,0
62,118,0
62,78,0
62,162,0
62,44,0
62,126,0
62,151,0
62,152,0
62,141,0
62,137,0
62,193,0
62,17,0
62,131,0
62,16,0
62,120,0
62,139,0
62,134,0
62,123,0
62,122,0
62,107,0
62,179,0
62,159,0
62,101,0
62,95,0
62,109,0
62,164,0
62,1,0
62,66,0
62,73,0
62,153,0
62,87,0
62,36,0
62,174,0
62,117,0
62,102,0
62,149,0
62,167,0
62,115,0
62,183,0
62,157,0
62,104,0
62,85,0
62,108,0
62,82,0
62,144,0
62,61,0
62,97,0
62,3,0
62,186,0
62,28,0
62,184,0
62,197,0
62,94,0
62,154,0
62,21,0
62,13,0
62,86,0
62,116,0
62,70,0
62,83,0
62,53,0
62,156,0
62,165,0
62,200,0
62,145,0
62,32,0
62,54,0
62,20,0
62,22,0
62,59,0
62,58,0
62,195,0
62,84,0
62,110,0
62,33,0
62,45,0
62,199,0
62,121,0
62,60,0
62,187,0
62,111,0
62,198,0
62,129,0
62,38,0
62,35,0
62,133,0
62,171,0
62,125,0
62,158,0
62,166,0
62,175,0
62,163,0
62,72,0
62,90,0
62,15,0
62,77,0
62,172,0
62,12,0
68,165,0
68,73,0
68,40,0
68,146,0
68,157,0
68,71,0
68,95,0
68,196,0
68,31,0
68,88,0
68,82,0
68,83,0
68,87,0
68,180,0
68,78,0
68,32,0
68,22,0
68,197,0
68,104,0
68,70,0
68,97,0
68,10,0
68,113,0
68,194,0
68,159,0
68,172,0
68,199,0
68,150,0
68,138,0
68,89,0
68,103,0
68,66,0
68,171,0
68,100,0
68,183,0
68,20,0
68,37,0
68,46,0
68,59,0
68,4,0
68,1,0
68,33,0
68,177,0
68,198,0
68,144,0
68,118,0
68,158,0
68,185,0
68,127,0
68,72,0
68,115,0
68,124,0
68,51,0
68,62,0
68,135,0
68,53,0
68,77,0
68,8,0
68,54,0
68,178,0
68,119,0
68,184,0
68,96,0
68,169,0
68,161,0
68,130,0
68,123,0
68,64,0
68,131,0
68,79,0
68,114,0
68,12,0
68,170,0
68,52,0
68,188,0
68,27,0
68,128,0
68,126,0
68,140,0
68,21,0
68,56,0
68,3,0
68,148,0
68,38,0
68,186,0
68,36,0
68,111,0
68,60,0
68,151,0
68,167,0
68,182,0
68,120,0
68,152,0
68,28,0
68,191,0
68,86,0
68,149,0
68,61,0
68,106,0
68,134,0
61,174,0
61,83,0
61,23,0
61,132,0
61,188,0
61,196,0
61,100,0
61,109,0
61,33,0
61,66,0
61,163,0
61,137,0
61,38,0
61,185,0
61,149,0
61,74,0
61,140,0
61,154,0
61,130,0
61,90,0
61,136,0
61,168,0
61,182,0
61,13,0
61,99,0
61,78,0
61,65,0
61,6,0
61,198,0
61,73,0
61,129,0
61,62,0
61,26,0
61,101,0
61,112,0
61,56,0
61,92,0
61,35,0
61,61,0
61,139,0
61,118,0
61,24,0
61,89,0
61,103,0
61,187,0
61,128,0
61,131,0
61,53,0
61,190,0
61,19,0
61,148,0
61,145,0
61,162,0
61,108,0
61,167,0
61,104,0
61,160,0
61,71,0
61,84,0
61,192,0
61,5,0
61,36,0
61,195,0
61,189,0
61,125,0
61,94,0
61,156,0
61,200,0
61,121,0
61,146,0
61,42,0
61,2,0
61,179,0
61,110,0
61,144,0
61,93,0
61,113,0
61,91,0
61,170,0
61,10,0
61,54,0
61,193,0
61,1,0
61,126,0
61,22,0
61,124,0
61,98,0
61,141,0
61,175,0
61,116,0
61,31,0
61,152,0
61,115,0
61,165,0
61,58,0
61,20,0
61,51,0
61,8,0
61,172,0
61,184,0
65,181,0
65,72,0
65,127,0
65,165,0
65,194,0
65,174,0
65,133,0
65,96,0
65,173,0
65,115,0
65,169,0
65,12,0
65,111,0
65,20,0
65,37,0
65,4,0
65,179,0
65,175,0
65,25,0
65,143,0
65,34,0
65,60,0
65,157,0
65,21,0
65,95,0
65,10,0
65,197,0
65,164,0
65,149,0
65,105,0
65,49,0
65,170,0
65,117,0
65,62,0
65,32,0
65,124,0
65,91,0
65,41,0
65,78,0
65,145,0
65,14,0
65,190,0
65,82,0
65,142,0
65,11,0
65,114,0
65,156,0
65,47,0
65,1,0
65,36,0
65,65,0
65,185,0
65,71,0
65,139,0
65,128,0
65,94,0
65,30,0
65,176,0
65,76,0
65,195,0
65,98,0
65,31,0
65,134,0
65,56,0
65,112,0
65,92,0
65,54,0
65,198,0
65,119,0
65,46,0
65,132,0
65,55,0
65,200,0
65,113,0
65,68,0
65,159,0
65,125,0
65,129,0
65,153,0
65,19,0
65,107,0
65,106,0
65,99,0
65,126,0
65,100,0
65,152,0
65,123,0
65,148,0
65,64,0
65,85,0
65,77,0
65,57,0
65,23,0
65,74,0
65,27,0
65,188,0
65,83,0
65,48,0
65,42,0
65,86,0
6,47,0
6,185,0
6,28,0
6,142,0
6,37,0
6,168,0
6,73,0
6,91,0
6,72,0
6,77,0
6,173,0
6,32,0
6,43,0
6,87,0
6,94,0
6,26,0
6,187,0
6,184,0
6,137,0
6,160,0
6,100,0
6,174,0
6,75,0
6,12,0
6,141,0
6,82,0
6,114,0
6,189,0
6,143,0
6,6,0
6,116,0
6,113,0
6,186,0
6,53,0
6,180,0
6,134,0
6,98,0
6,67,0
6,138,0
6,194,0
6,52,0
6,121,0
6,161,0
6,10,0
6,136,0
6,175,0
6,33,0
6,196,0
6,109,0
6,133,0
6,105,0
6,39,0
6,71,0
6,171,0
6,111,0
6,156,0
6,90,0
6,145,0
6,176,0
6,49,0
6,147,0
6,103,0
6,14,0
6,139,0
6,123,0
6,17,0
6,188,0
6,169,0
6,131,0
6,25,0
6,200,0
6,167,0
6,102,0
6,20,0
6,166,0
6,2,0
6,56,0
6,85,0
6,190,0
6,96,0
6,157,0
6,92,0
6,42,0
6,66,0
6,106,0
6,40,0
6,148,0
6,83,0
6,81,0
6,125,0
6,59,0
6,153,0
6,149,0
6,104,0
6,80,0
6,21,0
6,179,0
6,193,0
6,146,0
6,135,0
7,147,0
7,144,0
7,100,0
7,119,0
7,160,0
7,62,0
7,78,0
7,156,0
7,122,0
7,20,0
7,56,0
7,51,0
7,16,0
7,31,0
7,60,0
7,26,0
7,200,0
7,188,0
7,135,0
7,101,0
7,95,0
7,112,0
7,2,0
7,77,0
7,19,0
7,193,0
7,185,0
7,186,0
7,107,0
7,34,0
7,24,0
7,66,0
7,164,0
7,45,0
7,102,0
7,70,0
7,121,0
7,182,0
7,129,0
7,178,0
7,143,0
7,127,0
7,79,0
7,22,0
7,69,0
7,3,0
7,86,0
7,54,0
7,43,0
7,157,0
7,44,0
7,52,0
7,71,0
7,91,0
7,150,0
7,39,0
7,189,0
7,123,0
7,82,0
7,97,0
7,172,0
7,83,0
7,133,0
7,35,0
7,181,0
7,190,0
7,191,0
7,89,0
7,194,0
7,131,0
7,11,0
7,104,0
7,126,0
7,1,0
7,113,0
7,14,0
7,110,0
7,138,0
7,108,0
7,137,0
7,75,0
7,85,0
7,125,0
7,88,0
7,8,0
7,99,0
7,5,0
7,153,0
7,170,0
7,68,0
7,42,0
7,59,0
7,76,0
7,7,0
7,30,0
7,87,0
7,159,0
7,149,0
7,61,0
7,17,0
10,187,0
10,160,0
10,183,0
10,106,0
10,33,0
10,56,0
10,153,0
10,148,0
10,67,0
10,121,0
10,143,0
10,71,0
10,45,0
10,113,0
10,15,0
10,149,0
10,104,0
10,175,0
10,19,0
10,93,0
10,117,0
10,90,0
10,74,0
10,30,0
10,55,0
10,174,0
10,196,0
10,145,0
10,35,0
10,94,0
10,185,0
10,110,0
10,150,0
10,191,0
10,80,0
10,139,0
10,62,0
10,85,0
10,146,0
10,52,0
10,198,0
10,47,0
10,158,0
10,137,0
10,3,0
10,181,0
10,59,0
10,86,0
10,192,0
10,138,0
10,161,0
10,200,0
10,20,0
10,26,0
10,88,0
10,127,0
10,58,0
10,167,0
10,197,0
10,136,0
10,105,0
10,53,0
10,170,0
10,63,0
10,179,0
10,199,0
10,123,0
10,82,0
10,46,0
10,37,0
10,118,0
10,60,0
10,22,0
10,108,0
10,147,0
10,163,0
10,168,0
10,142,0
10,182,0
10,72,0
10,151,0
10,99,0
10,173,0
10,129,0
10,155,0
10,159,0
10,122,0
10,34,0
10,164,0
10,31,0
10,120,0
10,101,0
10,32,0
10,166,0
10,70,0
10,130,0
10,184,0
10,116,0
10,61,0
10,176,0
16,59,0
16,175,0
16,143,0
16,154,0
16,190,0
16,178,0
16,14,0
16,72,0
16,23,0
16,102,0
16,164,0
16,130,0
16,34,0
16,125,0
16,142,0
16,134,0
16,157,0
16,2,0
16,200,0
16,118,0
16,121,0
16,39,0
16,92,0
16,71,0
16,76,0
16,16,0
16,62,0
16,196,0
16,47,0
16,8,0
16,75,0
16,88,0
16,31,0
16,145,0
16,85,0
16,151,0
16,87,0
16,91,0
16,78,0
16,60,0
16,170,0
16,5,0
16,149,0
16,81,0
16,101,0
16,112,0
16,1,0
16,140,0
16,197,0
16,37,0
16,97,0
16,127,0
16,32,0
16,25,0
16,131,0
16,171,0
16,77,0
16,156,0
16,28,0
16,115,0
16,135,0
16,104,0
16,45,0
16,122,0
16,12,0
16,26,0
16,126,0
16,33,0
16,103,0
16,183,0
16,161,0
16,93,0
16,184,0
16,66,0
16,70,0
16,99,0
16,80,0
16,94,0
16,117,0
16,194,0
16,113,0
16,73,0
16,83,0
16,54,0
16,49,0
16,158,0
16,110,0
16,153,0
16,44,0
16,185,0
16,186,0
16,123,0
16,69,0
16,86,0
16,167,0
16,128,0
16,160,0
16,67,0
16,107,0
16,187,0
30,83,0
30,61,0
30,6,0
30,176,0
30,162,0
30,179,0
30,98,0
30,13,0
30,112,0
30,103,0
30,17,0
30,127,0
30,16,0
30,35,0
30,109,0
30,34,0
30,89,0
30,151,0
30,77,0
30,166,0
30,90,0
30,78,0
30,132,0
30,99,0
30,188,0
30,161,0
30,194,0
30,170,0
30,110,0
30,63,0
30,44,0
30,76,0
30,81,0
30,22,0
30,47,0
30,95,0
30,160,0
30,60,0
30,15,0
30,91,0
30,114,0
30,10,0
30,72,0
30,159,0
30,42,0
30,163,0
30,84,0
30,181,0
30,51,0
30,124,0
30,1,0
30,49,0
30,149,0
30,37,0
30,74,0
30,14,0
30,23,0
30,158,0
30,115,0
30,146,0
30,174,0
30,39,0
30,147,0
30,20,0
30,200,0
30,152,0
30,153,0
30,140,0
30,82,0
30,134,0
30,66,0
30,111,0
30,143,0
30,178,0
30,155,0
30,56,0
30,94,0
30,195,0
30,21,0
30,93,0
30,182,0
30,157,0
30,26,0
30,150,0
30,118,0
30,154,0
30,185,0
30,24,0
30,97,0
30,167,0
30,190,0
30,5,0
30,40,0
30,32,0
30,125,0
30,121,0
30,113,0
30,129,0
30,92,0
30,3,0
33,174,0
33,109,0
33,153,0
33,150,0
33,84,0
33,101,0
33,116,0
33,199,0
33,169,0
33,119,0
33,32,0
33,38,0
33,124,0
33,10,0
33,21,0
33,111,0
33,28,0
33,65,0
33,20,0
33,128,0
33,194,0
33,198,0
33,86,0
33,74,0
33,73,0
33,186,0
33,168,0
33,193,0
33,166,0
33,72,0
33,97,0
33,107,0
33,163,0
33,81,0
33,33,0
33,127,0
33,27,0
33,189,0
33,139,0
33,125,0
33,144,0
33,87,0
33,175,0
33,135,0
33,114,0
33,37,0
33,35,0
33,167,0
33,105,0
33,98,0
33,51,0
33,137,0
33,76,0
33,42,0
33,55,0
33,9,0
33,197,0
33,112,0
33,46,0
33,1,0
33,93,0
33,158,0
33,170,0
33,126,0
33,129,0
33,182,0
33,19,0
33,148,0
33,181,0
33,67,0
33,5,0
33,30,0
33,62,0
33,96,0
33,91,0
33,192,0
33,45,0
33,177,0
33,172,0
33,106,0
33,54,0
33,89,0
33,173,0
33,151,0
33,160,0
33,195,0
33,180,0
33,52,0
33,156,0
33,103,0
33,47,0
33,130,0
33,59,0
33,18,0
33,77,0
33,66,0
33,196,0
33,41,0
33,123,0
33,16,0
34,100,0
34,25,0
34,127,0
34,191,0
34,162,0
34,190,0
34,50,0
34,165,0
34,58,0
34,129,0
34,189,0
34,176,0
34,124,0
34,9,0
34,134,0
34,193,0
34,62,0
34,131,0
34,152,0
34,105,0
34,109,0
34,81,0
34,1,0
34,29,0
34,64,0
34,179,0
34,3,0
34,7,0
34,148,0
34,93,0
34,27,0
34,192,0
34,28,0
34,48,0
34,186,0
34,184,0
34,6,0
34,24,0
34,23,0
34,75,0
34,5,0
34,54,0
34,68,0
34,90,0
34,42,0
34,86,0
34,141,0
34,125,0
34,115,0
34,133,0
34,170,0
34,114,0
34,188,0
34,26,0
34,55,0
34,194,0
34,15,0
34,17,0
34,145,0
34,132,0
34,56,0
34,44,0
34,200,0
34,92,0
34,31,0
34,66,0
34,137,0
34,195,0
34,19,0
34,36,0
34,83,0
34,101,0
34,113,0
34,71,0
34,143,0
34,2,0
34,37,0
34,119,0
34,111,0
34,60,0
34,30,0
34,164,0
34,197,0
34,155,0
34,53,0
34,89,0
34,187,0
34,20,0
34,47,0
34,166,0
34,78,0
34,63,0
34,10,0
34,97,0
34,77,0
34,98,0
34,122,0
34,49,0
34,18,0
34,149,0
54,193,0
54,157,0
54,143,0
54,91,0
54,36,0
54,113,0
54,48,0
54,187,0
54,73,0
54,161,0
54,76,0
54,115,0
54,199,0
54,144,0
54,188,0
54,129,0
54,179,0
54,41,0
54,21,0
54,32,0
54,139,0
54,121,0
54,153,0
54,176,0
54,194,0
54,189,0
54,138,0
54,6,0
54,2,0
54,55,0
54,56,0
54,14,0
54,11,0
54,105,0
54,140,0
54,17,0
54,75,0
54,27,0
54,72,0
54,198,0
54,145,0
54,51,0
54,26,0
54,70,0
54,141,0
54,74,0
54,181,0
54,22,0
54,130,0
54,184,0
54,154,0
54,152,0
54,53,0
54,19,0
54,156,0
54,64,0
54,24,0
54,109,0
54,31,0
54,28,0
54,160,0
54,134,0
54,88,0
54,61,0
54,118,0
54,159,0
54,82,0
54,168,0
54,52,0
54,30,0
54,183,0
54,151,0
54,146,0
54,54,0
54,49,0
54,103,0
54,15,0
54,190,0
54,69,0
54,148,0
54,90,0
54,197,0
54,177,0
54,180,0
54,167,0
54,158,0
54,97,0
54,192,0
54,127,0
54,46,0
54,23,0
54,40,0
54,173,0
54,101,0
54,67,0
54,108,0
54,165,0
54,122,0
54,3,0
54,81,0
55,90,0
55,36,0
55,25,0
55,38,0
55,61,0
55,59,0
55,131,0
55,10,0
55,85,0
55,178,0
55,14,0
55,133,0
55,32,0
55,101,0
55,102,0
55,176,0
55,177,0
55,26,0
55,93,0
55,63,0
55,165,0
55,174,0
55,164,0
55,134,0
55,95,0
55,49,0
55,156,0
55,146,0
55,84,0
55,74,0
55,189,0
55,67,0
55,193,0
55,147,0
55,195,0
55,72,0
55,198,0
55,62,0
55,39,0
55,119,0
55,192,0
55,105,0
55,42,0
55,127,0
55,185,0
55,132,0
55,181,0
55,94,0
55,70,0
55,171,0
55,89,0
55,107,0
55,22,0
55,180,0
55,199,0
55,137,0
55,122,0
55,96,0
55,157,0
55,161,0
55,138,0
55,92,0
55,153,0
55,6,0
55,79,0
55,56,0
55,118,0
55,135,0
55,188,0
55,44,0
55,27,0
55,136,0
55,104,0
55,163,0
55,179,0
55,154,0
55,30,0
55,37,0
55,60,0
55,166,0
55,106,0
55,173,0
55,186,0
55,162,0
55,151,0
55,144,0
55,58,0
55,83,0
55,148,0
55,64,0
55,3,0
55,159,0
55,141,0
55,54,0
55,123,0
55,111,0
55,109,0
55,140,0
55,129,0
55,103,0
57,120,0
57,102,0
57,189,0
57,97,0
57,140,0
57,25,0
57,171,0
57,91,0
57,16,0
57,110,0
57,35,0
57,126,0
57,177,0
57,152,0
57,198,0
57,194,0
57,181,0
57,200,0
57,156,0
57,162,0
57,138,0
57,153,0
57,79,0
57,31,0
57,73,0
57,123,0
57,160,0
57,158,0
57,85,0
57,10,0
57,95,0
57,170,0
57,17,0
57,99,0
57,169,0
57,15,0
57,98,0
57,122,0
57,89,0
57,197,0
57,70,0
57,66,0
57,26,0
57,94,0
57,192,0
57,119,0
57,188,0
57,92,0
57,121,0
57,193,0
57,125,0
57,114,0
57,58,0
57,132,0
57,172,0
57,135,0
57,144,0
57,176,0
57,40,0
57,183,0
57,178,0
57,47,0
57,128,0
57,186,0
57,174,0
57,5,0
57,75,0
57,118,0
57,93,0
57,115,0
57,81,0
57,71,0
57,133,0
57,82,0
57,180,0
57,42,0
57,53,0
57,184,0
57,134,0
57,148,0
57,88,0
57,167,0
57,129,0
57,63,0
57,155,0
57,124,0
57,80,0
57,111,0
57,108,0
57,195,0
57,101,0
57,2,0
57,86,0
57,190,0
57,199,0
57,104,0
57,78,0
57,175,0
57,141,0
57,30,0
24,132,0
24,94,0
24,194,0
24,169,0
24,158,0
24,118,0
24,88,0
24,76,0
24,193,0
24,54,0
24,40,0
24,75,0
24,34,0
24,74,0
24,142,0
24,159,0
24,171,0
24,166,0
24,150,0
24,42,0
24,25,0
24,110,0
24,195,0
24,189,0
24,178,0
24,180,0
24,92,0
24,51,0
24,104,0
24,123,0
24,31,0
24,21,0
24,109,0
24,140,0
24,196,0
24,15,0
24,59,0
24,177,0
24,160,0
24,70,0
24,108,0
24,175,0
24,192,0
24,63,0
24,83,0
24,119,0
24,102,0
24,60,0
24,197,0
24,134,0
24,2,0
24,170,0
24,106,0
24,37,0
24,137,0
24,100,0
24,32,0
24,13,0
24,82,0
24,156,0
24,172,0
24,36,0
24,136,0
24,66,0
24,154,0
24,126,0
24,163,0
24,155,0
24,17,0
24,90,0
24,191,0
24,179,0
24,116,0
24,67,0
24,47,0
24,5,0
24,93,0
24,44,0
24,147,0
24,129,0
24,1,0
24,187,0
24,49,0
24,131,0
24,71,0
24,198,0
24,152,0
24,117,0
24,58,0
24,43,0
24,56,0
24,173,0
24,115,0
24,22,0
24,149,0
24,199,0
24,190,0
24,184,0
24,20,0
24,120,0
28,94,0
28,72,0
28,83,0
28,92,0
28,194,0
28,31,0
28,121,0
28,110,0
28,155,0
28,22,0
28,112,0
28,48,0
28,181,0
28,78,0
28,154,0
28,174,0
28,126,0
28,81,0
28,54,0
28,56,0
28,100,0
28,125,0
28,192,0
28,129,0
28,75,0
28,189,0
28,147,0
28,55,0
28,17,0
28,99,0
28,135,0
28,79,0
28,71,0
28,163,0
28,69,0
28,198,0
28,33,0
28,114,0
28,184,0
28,150,0
28,116,0
28,90,0
28,59,0
28,26,0
28,115,0
28,145,0
28,193,0
28,29,0
28,64,0
28,51,0
28,85,0
28,40,0
28,169,0
28,182,0
28,134,0
28,23,0
28,157,0
28,137,0
28,97,0
28,96,0
28,21,0
28,2,0
28,165,0
28,27,0
28,63,0
28,140,0
28,167,0
28,104,0
28,160,0
28,62,0
28,43,0
28,152,0
28,25,0
28,106,0
28,24,0
28,118,0
28,73,0
28,70,0
28,195,0
28,124,0
28,108,0
28,105,0
28,44,0
28,111,0
28,68,0
28,142,0
28,146,0
28,113,0
28,61,0
28,128,0
28,173,0
28,13,0
28,101,0
28,47,0
28,141,0
28,10,0
28,20,0
28,188,0
28,86,0
28,67,0
38,48,0
38,176,0
38,132,0
38,105,0
38,127,0
38,193,0
38,20,0
38,41,0
38,106,0
38,190,0
38,169,0
38,129,0
38,91,0
38,162,0
38,19,0
38,47,0
38,171,0
38,1,0
38,77,0
38,69,0
38,30,0
38,145,0
38,78,0
38,98,0
38,177,0
38,18,0
38,79,0
38,96,0
38,29,0
38,104,0
38,151,0
38,194,0
38,56,0
38,154,0
38,17,0
38,21,0
38,54,0
38,8,0
38,74,0
38,109,0
38,185,0
38,112,0
38,136,0
38,178,0
38,140,0
38,34,0
38,117,0
38,113,0
38,142,0
38,59,0
38,172,0
38,82,0
38,115,0
38,114,0
38,10,0
38,65,0
38,184,0
38,27,0
38,101,0
38,38,0
38,2,0
38,119,0
38,168,0
38,62,0
38,138,0
38,174,0
38,7,0
38,195,0
38,36,0
38,45,0
38,187,0
38,23,0
38,110,0
38,188,0
38,32,0
38,123,0
38,12,0
38,143,0
38,200,0
38,66,0
38,75,0
38,197,0
38,15,0
38,22,0
38,148,0
38,118,0
38,4,0
38,173,0
38,125,0
38,26,0
38,196,0
38,146,0
38,16,0
38,100,0
38,126,0
38,14,0
38,60,0
38,37,0
38,89,0
38,198,0
45,148,0
45,15,0
45,112,0
45,39,0
45,165,0
45,189,0
45,198,0
45,53,0
45,184,0
45,83,0
45,109,0
45,23,0
45,107,0
45,88,0
45,70,0
45,194,0
45,146,0
45,89,0
45,160,0
45,141,0
45,92,0
45,140,0
45,34,0
45,137,0
45,86,0
45,122,0
45,84,0
45,163,0
45,7,0
45,120,0
45,178,0
45,149,0
45,153,0
45,58,0
45,125,0
45,67,0
45,57,0
45,64,0
45,121,0
45,116,0
45,143,0
45,171,0
45,47,0
45,157,0
45,168,0
45,102,0
45,60,0
45,144,0
45,80,0
45,118,0
45,187,0
45,103,0
45,52,0
45,136,0
45,106,0
45,196,0
45,115,0
45,195,0
45,28,0
45,27,0
45,180,0
45,197,0
45,85,0
45,191,0
45,185,0
45,101,0
45,19,0
45,9,0
45,36,0
45,99,0
45,79,0
45,38,0
45,5,0
45,35,0
45,90,0
45,176,0
45,24,0
45,2,0
45,78,0
45,91,0
45,65,0
45,159,0
45,100,0
45,45,0
45,81,0
45,177,0
45,59,0
45,96,0
45,113,0
45,188,0
45,104,0
45,56,0
45,174,0
45,130,0
45,37,0
45,111,0
45,40,0
45,158,0
45,172,0
45,199,0
19,181,0
19,145,0
19,135,0
19,164,0
19,192,0
19,6,0
19,177,0
19,92,0
19,136,0
19,83,0
19,128,0
19,70,0
19,143,0
19,110,0
19,56,0
19,144,0
19,183,0
19,71,0
19,130,0
19,93,0
19,140,0
19,174,0
19,15,0
19,122,0
19,23,0
19,74,0
19,113,0
19,178,0
19,60,0
19,134,0
19,49,0
19,84,0
19,76,0
19,120,0
19,188,0
19,161,0
19,39,0
19,173,0
19,32,0
19,67,0
19,158,0
19,160,0
19,167,0
19,30,0
19,193,0
19,26,0
19,40,0
19,108,0
19,22,0
19,189,0
19,163,0
19,98,0
19,186,0
19,191,0
19,148,0
19,156,0
19,68,0
19,47,0
19,14,0
19,75,0
19,182,0
19,36,0
19,151,0
19,29,0
19,150,0
19,10,0
19,35,0
19,198,0
19,187,0
19,85,0
19,137,0
19,152,0
19,176,0
19,107,0
19,169,0
19,31,0
19,157,0
19,59,0
19,154,0
19,18,0
19,82,0
19,131,0
19,180,0
19,172,0
19,34,0
19,43,0
19,91,0
19,184,0
19,123,0
19,63,0
19,114,0
19,117,0
19,53,0
19,196,0
19,4,0
19,127,0
19,20,0
19,61,0
19,111,0
19,12,0
22,147,0
22,165,0
22,49,0
22,44,0
22,139,0
22,71,0
22,193,0
22,130,0
22,162,0
22,115,0
22,29,0
22,170,0
22,24,0
22,123,0
22,157,0
22,200,0
22,181,0
22,30,0
22,186,0
22,124,0
22,127,0
22,111,0
22,21,0
22,15,0
22,197,0
22,5,0
22,194,0
22,35,0
22,146,0
22,128,0
22,97,0
22,163,0
22,176,0
22,75,0
22,160,0
22,168,0
22,36,0
22,52,0
22,152,0
22,161,0
22,134,0
22,188,0
22,126,0
22,182,0
22,23,0
22,39,0
22,155,0
22,103,0
22,20,0
22,174,0
22,121,0
22,38,0
22,33,0
22,171,0
22,101,0
22,187,0
22,88,0
22,96,0
22,1,0
22,2,0
22,98,0
22,191,0
22,185,0
22,198,0
22,26,0
22,83,0
22,86,0
22,108,0
22,32,0
22,81,0
22,92,0
22,60,0
22,158,0
22,117,0
22,12,0
22,154,0
22,79,0
22,105,0
22,116,0
22,199,0
22,164,0
22,177,0
22,22,0
22,85,0
22,27,0
22,40,0
22,120,0
22,16,0
22,135,0
22,47,0
22,99,0
22,25,0
22,153,0
22,91,0
22,109,0
22,77,0
22,133,0
22,184,0
22,178,0
22,131,0
32,145,0
32,160,0
32,29,0
32,62,0
32,67,0
32,144,0
32,86,0
32,136,0
32,9,0
32,30,0
32,127,0
32,165,0
32,66,0
32,177,0
32,171,0
32,131,0
32,87,0
32,51,0
32,191,0
32,124,0
32,108,0
32,53,0
32,123,0
32,163,0
32,47,0
32,133,0
32,189,0
32,154,0
32,49,0
32,20,0
32,14,0
32,150,0
32,101,0
32,152,0
32,157,0
32,112,0
32,17,0
32,196,0
32,149,0
32,168,0
32,179,0
32,31,0
32,117,0
32,139,0
32,58,0
32,21,0
32,24,0
32,158,0
32,59,0
32,188,0
32,4,0
32,96,0
32,170,0
32,153,0
32,33,0
32,107,0
32,109,0
32,156,0
32,44,0
32,19,0
32,13,0
32,36,0
32,11,0
32,97,0
32,200,0
32,1,0
32,174,0
32,190,0
32,118,0
32,76,0
32,94,0
32,178,0
32,116,0
32,74,0
32,69,0
32,93,0
32,187,0
32,129,0
32,2,0
32,40,0
32,162,0
32,52,0
32,61,0
32,142,0
32,12,0
32,140,0
32,34,0
32,134,0
32,114,0
32,184,0
32,27,0
32,41,0
32,135,0
32,57,0
32,81,0
32,122,0
32,65,0
32,119,0
32,194,0
32,130,0
41,125,0
41,84,0
41,120,0
41,193,0
41,136,0
41,146,0
41,107,0
41,40,0
41,131,0
41,51,0
41,52,0
41,157,0
41,183,0
41,188,0
41,139,0
41,6,0
41,45,0
41,21,0
41,171,0
41,113,0
41,54,0
41,112,0
41,150,0
41,68,0
41,142,0
41,186,0
41,200,0
41,160,0
41,79,0
41,122,0
41,96,0
41,15,0
41,190,0
41,196,0
41,143,0
41,90,0
41,103,0
41,140,0
41,16,0
41,179,0
41,18,0
41,195,0
41,83,0
41,132,0
41,148,0
41,161,0
41,124,0
41,87,0
41,95,0
41,75,0
41,37,0
41,42,0
41,33,0
41,39,0
41,119,0
41,130,0
41,134,0
41,185,0
41,178,0
41,197,0
41,153,0
41,129,0
41,80,0
41,25,0
41,184,0
41,13,0
41,156,0
41,114,0
41,76,0
41,71,0
41,28,0
41,27,0
41,20,0
41,110,0
41,99,0
41,10,0
41,164,0
41,123,0
41,23,0
41,199,0
41,60,0
41,93,0
41,109,0
41,30,0
41,126,0
41,61,0
41,98,0
41,165,0
41,32,0
41,172,0
41,92,0
41,31,0
41,118,0
41,36,0
41,81,0
41,4,0
41,173,0
41,1,0
41,14,0
41,163,0
43,179,0
43,155,0
43,62,0
43,77,0
43,160,0
43,178,0
43,162,0
43,97,0
43,87,0
43,138,0
43,134,0
43,10,0
43,111,0
43,68,0
43,36,0
43,198,0
43,106,0
43,66,0
43,21,0
43,196,0
43,39,0
43,102,0
43,99,0
43,190,0
43,24,0
43,153,0
43,86,0
43,112,0
43,156,0
43,71,0
43,74,0
43,127,0
43,182,0
43,43,0
43,169,0
43,185,0
43,12,0
43,129,0
43,141,0
43,53,0
43,170,0
43,168,0
43,200,0
43,187,0
43,173,0
43,131,0
43,122,0
43,92,0
43,72,0
43,135,0
43,54,0
43,48,0
43,95,0
43,133,0
43,116,0
43,174,0
43,128,0
43,130,0
43,163,0
43,23,0
43,80,0
43,188,0
43,15,0
43,90,0
43,143,0
43,167,0
43,180,0
43,83,0
43,57,0
43,4,0
43,64,0
43,183,0
43,14,0
43,5,0
43,140,0
43,45,0
43,154,0
43,34,0
43,172,0
43,1,0
43,40,0
43,88,0
43,139,0
43,145,0
43,166,0
43,148,0
43,199,0
43,20,0
43,11,0
43,63,0
43,31,0
43,193,0
43,51,0
43,117,0
43,38,0
43,37,0
43,33,0
43,79,0
43,144,0
43,35,0
56,66,0
56,27,0
56,121,0
56,22,0
56,124,0
56,165,0
56,85,0
56,174,0
56,105,0
56,25,0
56,91,0
56,103,0
56,115,0
56,4,0
56,179,0
56,19,0
56,148,0
56,30,0
56,49,0
56,162,0
56,90,0
56,40,0
56,118,0
56,182,0
56,151,0
56,94,0
56,147,0
56,122,0
56,155,0
56,159,0
56,119,0
56,197,0
56,134,0
56,82,0
56,15,0
56,185,0
56,1,0
56,190,0
56,192,0
56,176,0
56,194,0
56,114,0
56,87,0
56,144,0
56,18,0
56,86,0
56,157,0
56,109,0
56,184,0
56,8,0
56,58,0
56,160,0
56,83,0
56,178,0
56,16,0
56,175,0
56,152,0
56,59,0
56,84,0
56,80,0
56,199,0
56,141,0
56,67,0
56,164,0
56,34,0
56,171,0
56,138,0
56,136,0
56,36,0
56,135,0
56,107,0
56,146,0
56,187,0
56,154,0
56,70,0
56,196,0
56,181,0
56,26,0
56,156,0
56,39,0
56,170,0
56,153,0
56,139,0
56,166,0
56,78,0
56,106,0
56,17,0
56,2,0
56,99,0
56,129,0
56,74,0
56,35,0
56,189,0
56,117,0
56,137,0
56,131,0
56,11,0
56,167,0
56,51,0
56,142,0
63,39,0
63,121,0
63,88,0
63,34,0
63,125,0
63,111,0
63,51,0
63,31,0
63,80,0
63,196,0
63,134,0
63,106,0
63,193,0
63,142,0
63,19,0
63,91,0
63,184,0
63,200,0
63,160,0
63,117,0
63,143,0
63,161,0
63,61,0
63,60,0
63,54,0
63,24,0
63,127,0
63,109,0
63,99,0
63,59,0
63,133,0
63,176,0
63,94,0
63,154,0
63,28,0
63,139,0
63,72,0
63,195,0
63,76,0
63,186,0
63,78,0
63,86,0
63,12,0
63,180,0
63,42,0
63,163,0
63,101,0
63,181,0
63,58,0
63,44,0
63,104,0
63,55,0
63,118,0
63,135,0
63,153,0
63,191,0
63,130,0
63,90,0
63,102,0
63,198,0
63,71,0
63,166,0
63,27,0
63,100,0
63,66,0
63,70,0
63,157,0
63,82,0
63,92,0
63,147,0
63,38,0
63,129,0
63,17,0
63,113,0
63,36,0
63,152,0
63,87,0
63,182,0
63,188,0
63,178,0
63,115,0
63,75,0
63,194,0
63,149,0
63,168,0
63,33,0
63,89,0
63,172,0
63,97,0
63,114,0
63,162,0
63,173,0
63,171,0
63,122,0
63,138,0
63,13,0
63,146,0
63,77,0
63,30,0
63,56,0
40,25,0
40,106,0
40,173,0
40,104,0
40,124,0
40,174,0
40,33,0
40,10,0
40,99,0
40,75,0
40,4,0
40,182,0
40,14,0
40,143,0
40,154,0
40,112,0
40,161,0
40,153,0
40,195,0
40,79,0
40,148,0
40,199,0
40,70,0
40,23,0
40,169,0
40,61,0
40,80,0
40,83,0
40,37,0
40,63,0
40,172,0
40,2,0
40,11,0
40,145,0
40,51,0
40,132,0
40,5,0
40,177,0
40,53,0
40,198,0
40,116,0
40,188,0
40,38,0
40,193,0
40,90,0
40,21,0
40,73,0
40,15,0
40,160,0
40,149,0
40,139,0
40,150,0
40,146,0
40,144,0
40,102,0
40,137,0
40,44,0
40,189,0
40,50,0
40,167,0
40,57,0
40,194,0
40,19,0
40,168,0
40,134,0
40,98,0
40,152,0
40,49,0
40,26,0
40,68,0
40,135,0
40,59,0
40,118,0
40,176,0
40,94,0
40,31,0
40,115,0
40,133,0
40,47,0
40,60,0
40,123,0
40,197,0
40,181,0
40,165,0
40,101,0
40,88,0
40,140,0
40,8,0
40,111,0
40,178,0
40,117,0
40,92,0
40,58,0
40,17,0
40,52,0
40,67,0
40,62,0
40,159,0
40,107,0
40,131,0
53,123,0
53,191,0
53,153,0
53,151,0
53,145,0
53,80,0
53,88,0
53,174,0
53,111,0
53,146,0
53,119,0
53,190,0
53,166,0
53,128,0
53,189,0
53,65,0
53,158,0
53,152,0
53,102,0
53,175,0
53,154,0
53,200,0
53,33,0
53,89,0
53,59,0
53,31,0
53,37,0
53,84,0
53,180,0
53,68,0
53,1,0
53,121,0
53,179,0
53,13,0
53,120,0
53,16,0
53,5,0
53,6,0
53,28,0
53,20,0
53,197,0
53,162,0
53,66,0
53,199,0
53,24,0
53,173,0
53,149,0
53,25,0
53,155,0
53,94,0
53,44,0
53,43,0
53,39,0
53,15,0
53,18,0
53,147,0
53,63,0
53,86,0
53,168,0
53,22,0
53,58,0
53,23,0
53,126,0
53,4,0
53,182,0
53,17,0
53,97,0
53,85,0
53,161,0
53,138,0
53,110,0
53,35,0
53,172,0
53,148,0
53,100,0
53,29,0
53,52,0
53,139,0
53,55,0
53,98,0
53,81,0
53,131,0
53,114,0
53,95,0
53,113,0
53,49,0
53,54,0
53,79,0
53,48,0
53,103,0
53,14,0
53,171,0
53,198,0
53,69,0
53,125,0
53,47,0
53,82,0
53,184,0
53,60,0
53,160,0
58,89,0
58,7,0
58,128,0
58,26,0
58,73,0
58,87,0
58,56,0
58,108,0
58,167,0
58,116,0
58,52,0
58,32,0
58,197,0
58,23,0
58,45,0
58,155,0
58,120,0
58,28,0
58,12,0
58,50,0
58,173,0
58,101,0
58,163,0
58,106,0
58,166,0
58,165,0
58,67,0
58,192,0
58,175,0
58,22,0
58,79,0
58,68,0
58,127,0
58,152,0
58,92,0
58,164,0
58,77,0
58,122,0
58,57,0
58,194,0
58,41,0
58,49,0
58,182,0
58,66,0
58,140,0
58,91,0
58,60,0
58,178,0
58,1,0
58,138,0
58,144,0
58,115,0
58,196,0
58,158,0
58,71,0
58,36,0
58,59,0
58,119,0
58,153,0
58,125,0
58,198,0
58,55,0
58,2,0
58,17,0
58,83,0
58,160,0
58,76,0
58,104,0
58,82,0
58,190,0
58,146,0
58,123,0
58,180,0
58,183,0
58,191,0
58,78,0
58,199,0
58,47,0
58,189,0
58,102,0
58,174,0
58,33,0
58,4,0
58,27,0
58,181,0
58,137,0
58,10,0
58,111,0
58,100,0
58,99,0
58,21,0
58,94,0
58,98,0
58,72,0
58,42,0
58,110,0
58,139,0
58,31,0
58,132,0
58,168,0
